taxon1,taxon2,taxon3,taxon4,CF12.34,CF12.34_lo,CF12.34_hi,CF13.24,CF13.24_lo,CF13.24_hi,CF14.23,CF14.23_lo,CF14.23_hi,ngenes
Aru001,Aza037,Ape009,Adi003,0.0842231182795699,0.0725806451612903,0.0967741935483871,0.05,0.0376344086021505,0.0645161290322581,0.86577688172043,0.846774193548387,0.881720430107527,372
Aru001,Smi165,Ape009,Aga002,0.407983870967742,0.376344086021505,0.440860215053763,0.297354838709677,0.268817204301075,0.327956989247312,0.294658602150538,0.263440860215054,0.325268817204301,372
Aru001,Smi165,Age001,Adi002,0.275354838709677,0.25,0.303763440860215,0.292470430107527,0.263440860215054,0.32258064516129,0.432174731182796,0.400537634408602,0.462365591397849,372
Aru001,Smi165,Ape001,Aga001,0.413559139784946,0.381720430107527,0.446236559139785,0.30060752688172,0.271505376344086,0.330645161290323,0.285833333333333,0.255376344086022,0.317204301075269,372
Aru001,Smi165,Ama018,Adi001,0.184790322580645,0.161290322580645,0.209677419354839,0.576370967741936,0.548387096774194,0.604838709677419,0.238838709677419,0.21505376344086,0.263440860215054,372
Aru001,Smi165,Aza135,Aga002,0.390626344086021,0.360215053763441,0.422043010752688,0.318387096774194,0.287634408602151,0.349462365591398,0.290989247311828,0.260752688172043,0.32258064516129,372
Aru001,Smi165,Adi002,Aga002,0.240475806451613,0.21505376344086,0.266129032258065,0.197293010752688,0.174731182795699,0.223118279569892,0.562231182795699,0.532258064516129,0.591397849462366,372
Aru001,Smi165,Adi002,Ama006,0.183139784946237,0.158602150537634,0.206989247311828,0.248801075268817,0.223118279569892,0.274193548387097,0.568059139784946,0.537634408602151,0.596774193548387,372
Aru001,Smi165,Age001,Adi001,0.287483870967742,0.260752688172043,0.314516129032258,0.300876344086021,0.271505376344086,0.330645161290323,0.411637096774194,0.381720430107527,0.440860215053763,372
Aru001,Aza037,Ape009,Asu001,0.0805510752688172,0.0672043010752688,0.0967741935483871,0.0658897849462366,0.0510752688172043,0.0833333333333333,0.853559139784946,0.833333333333333,0.873655913978495,372
Aru001,Smi165,Adi001,Aza135,0.173720430107527,0.150537634408602,0.198924731182796,0.222833333333333,0.198924731182796,0.25,0.603443548387097,0.57258064516129,0.631720430107527,372
Aru001,Smi165,Aza037,Adi001,0.175043010752688,0.153225806451613,0.198924731182796,0.573201612903226,0.545698924731183,0.602150537634409,0.251755376344086,0.228494623655914,0.276881720430108,372
Aru001,Smi165,Ama018,Aga002,0.386701612903226,0.354838709677419,0.419354838709677,0.305639784946237,0.276881720430108,0.336021505376344,0.307658602150538,0.276881720430108,0.338709677419355,372
Aru001,Smi165,Asu001,Ama006,0.388102150537634,0.35752688172043,0.419354838709677,0.302430107526882,0.271505376344086,0.333333333333333,0.309470430107527,0.279569892473118,0.341397849462366,372
Aru001,Smi165,Ama018,Ama006,0.913932795698925,0.903225806451613,0.924731182795699,0.0459596774193548,0.0376344086021505,0.0537634408602151,0.0401075268817204,0.032258064516129,0.0483870967741935,372
Aru001,Smi165,Ape001,Adi002,0.227397849462366,0.204301075268817,0.252688172043011,0.548779569892473,0.521505376344086,0.577956989247312,0.223822580645161,0.201612903225806,0.247311827956989,372
Aru001,Smi165,Ama018,Aza135,0.819849462365591,0.798387096774194,0.838709677419355,0.0959274193548387,0.0806451612903226,0.112903225806452,0.0842231182795699,0.0698924731182796,0.102150537634409,372
Aru001,Smi165,Ama006,Aga001,0.373362903225806,0.344086021505376,0.405913978494624,0.30702688172043,0.279569892473118,0.336021505376344,0.319610215053763,0.290322580645161,0.352150537634409,372
Aru001,Smi165,Ape009,Adi003,0.213690860215054,0.190860215053763,0.239247311827957,0.564005376344086,0.53494623655914,0.591397849462366,0.22230376344086,0.198924731182796,0.247311827956989,372
Aru001,Smi165,Age001,Ape001,0.183529569892473,0.161290322580645,0.206989247311828,0.181354838709677,0.158602150537634,0.204301075268817,0.635115591397849,0.60752688172043,0.661290322580645,372
Aru001,Smi165,Adi002,Aza135,0.179943548387097,0.155913978494624,0.204301075268817,0.223758064516129,0.198924731182796,0.25,0.596298387096774,0.567204301075269,0.626344086021505,372
Aru001,Smi165,Ape009,Aru127,0.0595672043010753,0.0510752688172043,0.0672043010752688,0.0509166666666667,0.043010752688172,0.0591397849462366,0.889518817204301,0.879032258064516,0.900537634408602,372
Aru001,Smi165,Adi002,Aru127,0.0510994623655914,0.043010752688172,0.0591397849462366,0.0337069892473118,0.0268817204301075,0.043010752688172,0.915190860215054,0.903225806451613,0.924731182795699,372
Aru001,Smi165,Asu001,Aza135,0.407008064516129,0.373655913978495,0.440860215053763,0.277951612903226,0.247311827956989,0.309139784946237,0.315040322580645,0.28494623655914,0.346774193548387,372
Aru001,Aza037,Ape009,Ama018,0.246596774193548,0.220430107526882,0.274193548387097,0.442540322580645,0.413978494623656,0.473118279569892,0.310862903225806,0.28494623655914,0.338709677419355,372
Aru001,Smi165,Ama018,Aga001,0.392072580645161,0.360215053763441,0.424731182795699,0.297319892473118,0.268817204301075,0.327956989247312,0.310604838709677,0.279569892473118,0.341397849462366,372
Aru001,Smi165,Adi001,Adi002,0.949774193548387,0.940860215053763,0.956989247311828,0.0128252688172043,0.010752688172043,0.0161290322580645,0.0374005376344086,0.032258064516129,0.0456989247311828,372
Aru001,Smi165,Aru127,Aga002,0.0532741935483871,0.0456989247311828,0.0618279569892473,0.890677419354839,0.879032258064516,0.900537634408602,0.0560483870967742,0.0456989247311828,0.0672043010752688,372
Aru001,Smi165,Ape009,Age001,0.165317204301075,0.145161290322581,0.188172043010753,0.63452688172043,0.60752688172043,0.661290322580645,0.200155913978495,0.17741935483871,0.223118279569892,372
Aru001,Smi165,Ape001,Ama006,0.801397849462366,0.782258064516129,0.81989247311828,0.0906424731182796,0.0779569892473118,0.104838709677419,0.107962365591398,0.0940860215053763,0.123655913978495,372
Aru001,Smi165,Aza135,Adi003,0.170774193548387,0.145161290322581,0.196236559139785,0.611354838709677,0.580645161290323,0.64247311827957,0.217870967741935,0.193548387096774,0.244623655913978,372
Aru001,Smi165,Age001,Ama018,0.14958064516129,0.126344086021505,0.172043010752688,0.200631720430108,0.17741935483871,0.225806451612903,0.649787634408602,0.620967741935484,0.67741935483871,372
Aru001,Smi165,Asu001,Aga001,0.821674731182796,0.803763440860215,0.838709677419355,0.092002688172043,0.0806451612903226,0.104838709677419,0.0863225806451613,0.0752688172043011,0.0994623655913978,372
Aru001,Smi165,Aza037,Adi003,0.183588709677419,0.158602150537634,0.209677419354839,0.585870967741935,0.556451612903226,0.615591397849462,0.230540322580645,0.206989247311828,0.255376344086022,372
Aru001,Smi165,Aza037,Age001,0.157408602150538,0.137096774193548,0.18010752688172,0.638104838709677,0.610215053763441,0.666666666666667,0.204486559139785,0.182795698924731,0.228494623655914,372
Aru001,Aza037,Ape009,Adi001,0.080510752688172,0.0672043010752688,0.0940860215053763,0.0462849462365591,0.0349462365591398,0.0591397849462366,0.873204301075269,0.854838709677419,0.889784946236559,372
Aru001,Smi165,Aza037,Ama018,0.877688172043011,0.860215053763441,0.89247311827957,0.0541881720430108,0.043010752688172,0.0672043010752688,0.0681236559139785,0.0564516129032258,0.0806451612903226,372
Aru001,Smi165,Aga001,Aga002,0.899599462365591,0.889784946236559,0.908602150537634,0.0394354838709677,0.032258064516129,0.0456989247311828,0.0609650537634409,0.0537634408602151,0.0698924731182796,372
Aru001,Smi165,Age001,Aru127,0.0300645161290323,0.0241935483870968,0.0376344086021505,0.0442311827956989,0.0376344086021505,0.0510752688172043,0.925706989247312,0.916666666666667,0.932795698924731,372
Aru001,Smi165,Ape001,Aza135,0.791295698924731,0.771505376344086,0.811827956989247,0.0903924731182796,0.0752688172043011,0.10752688172043,0.118314516129032,0.102150537634409,0.134408602150538,372
Aru001,Smi165,Asu001,Adi002,0.249717741935484,0.223118279569892,0.276881720430108,0.544588709677419,0.513440860215054,0.575268817204301,0.20569623655914,0.18010752688172,0.231182795698925,372
Aru001,Smi165,Aru127,Adi003,0.0484731182795699,0.0403225806451613,0.0591397849462366,0.921567204301075,0.911290322580645,0.93010752688172,0.0299623655913979,0.0241935483870968,0.0376344086021505,372
Aru001,Smi165,Asu001,Adi003,0.257989247311828,0.231182795698925,0.28494623655914,0.561255376344086,0.532258064516129,0.591397849462366,0.180752688172043,0.158602150537634,0.204301075268817,372
Aru001,Aza037,Ape009,Age001,0.0735698924731183,0.0618279569892473,0.0860215053763441,0.0655349462365591,0.0510752688172043,0.0806451612903226,0.860895161290323,0.844086021505376,0.876344086021505,372
Aru001,Smi165,Ape009,Asu001,0.418260752688172,0.387096774193548,0.451612903225806,0.302752688172043,0.274193548387097,0.333333333333333,0.278986559139785,0.25,0.309139784946237,372
Aru001,Smi165,Aza135,Aru127,0.0588817204301075,0.0510752688172043,0.0672043010752688,0.0626344086021505,0.0537634408602151,0.0725806451612903,0.878483870967742,0.865591397849462,0.889784946236559,372
Aru001,Aza037,Ape009,Adi002,0.0718172043010753,0.0591397849462366,0.0860215053763441,0.0529327956989247,0.0403225806451613,0.0672043010752688,0.87525,0.85752688172043,0.89247311827957,372
Aru001,Smi165,Ape009,Ama006,0.828059139784946,0.809139784946237,0.846774193548387,0.0816532258064516,0.0672043010752688,0.0967741935483871,0.0902876344086022,0.0779569892473118,0.104838709677419,372
Aru001,Smi165,Age001,Adi003,0.279008064516129,0.252688172043011,0.306451612903226,0.309674731182796,0.282258064516129,0.338709677419355,0.411314516129032,0.381720430107527,0.440860215053763,372
Aru001,Aza037,Ape009,Ape001,0.698688172043011,0.672043010752688,0.725806451612903,0.12283064516129,0.102150537634409,0.145161290322581,0.178481182795699,0.155913978494624,0.201612903225806,372
Aru001,Smi165,Ape009,Ama018,0.846005376344086,0.827956989247312,0.862903225806452,0.0662768817204301,0.0537634408602151,0.0806451612903226,0.0877177419354839,0.0752688172043011,0.102150537634409,372
Aru001,Smi165,Ama018,Adi002,0.18535752688172,0.161290322580645,0.209677419354839,0.581172043010753,0.551075268817204,0.610215053763441,0.233470430107527,0.209677419354839,0.258064516129032,372
Aru001,Smi165,Ama006,Adi003,0.182091397849462,0.158602150537634,0.206989247311828,0.582666666666667,0.553763440860215,0.612903225806452,0.235239247311828,0.209677419354839,0.260752688172043,372
Aru001,Aza037,Asu001,Aru127,0.0328790322580645,0.0295698924731183,0.0403225806451613,0.0571532258064516,0.0483870967741935,0.0672043010752688,0.909967741935484,0.900537634408602,0.919354838709677,372
Aru001,Smi165,Age001,Aza135,0.150634408602151,0.129032258064516,0.174731182795699,0.185134408602151,0.161290322580645,0.209677419354839,0.664233870967742,0.637096774193548,0.690860215053763,372
Aru001,Smi165,Ama018,Adi003,0.189314516129032,0.163978494623656,0.21505376344086,0.590024193548387,0.561827956989247,0.618279569892473,0.220661290322581,0.196236559139785,0.247311827956989,372
Aru001,Smi165,Aza037,Asu001,0.405190860215054,0.373655913978495,0.438172043010753,0.305494623655914,0.274193548387097,0.336021505376344,0.289317204301075,0.258064516129032,0.31989247311828,372
Aru001,Smi165,Ape001,Aga002,0.424338709677419,0.39247311827957,0.456989247311828,0.289379032258064,0.260752688172043,0.31989247311828,0.286282258064516,0.255376344086022,0.317204301075269,372
Aru001,Smi165,Aza037,Aga001,0.384540322580645,0.352150537634409,0.416666666666667,0.30866935483871,0.279569892473118,0.338709677419355,0.306790322580645,0.276881720430108,0.338709677419355,372
Aru001,Smi165,Ape009,Aga001,0.385975806451613,0.354838709677419,0.416666666666667,0.308905913978495,0.279569892473118,0.338709677419355,0.305120967741935,0.274193548387097,0.336021505376344,372
Aru001,Smi165,Aza037,Aru127,0.0738413978494624,0.0645161290322581,0.0833333333333333,0.0475,0.0403225806451613,0.0564516129032258,0.878658602150538,0.865591397849462,0.889784946236559,372
Aru001,Smi165,Ape001,Adi003,0.227666666666667,0.204301075268817,0.252688172043011,0.559844086021505,0.532258064516129,0.588709677419355,0.212489247311828,0.190860215053763,0.236559139784946,372
Aru001,Aza037,Ape009,Aru127,0.0172338709677419,0.0161290322580645,0.021505376344086,0.0296854838709677,0.0241935483870968,0.0376344086021505,0.95308064516129,0.946236559139785,0.959677419354839,372
Aru001,Smi165,Aza037,Ape009,0.845502688172043,0.825268817204301,0.862903225806452,0.0801048387096774,0.0698924731182796,0.0940860215053763,0.0743951612903226,0.0591397849462366,0.0913978494623656,372
Aru001,Smi165,Ape001,Aru127,0.0771317204301075,0.0698924731182796,0.0860215053763441,0.0433655913978495,0.0376344086021505,0.0510752688172043,0.8795,0.868279569892473,0.889784946236559,372
Aru001,Smi165,Adi002,Adi003,0.94427688172043,0.935483870967742,0.951612903225806,0.0423897849462366,0.0376344086021505,0.0510752688172043,0.0133333333333333,0.010752688172043,0.0161290322580645,372
Aru001,Smi165,Asu001,Aga002,0.810295698924731,0.790322580645161,0.827956989247312,0.0854623655913979,0.0725806451612903,0.0994623655913978,0.104241935483871,0.0913978494623656,0.118279569892473,372
Aru001,Smi165,Age001,Aga002,0.21547311827957,0.193548387096774,0.239247311827957,0.171282258064516,0.150537634408602,0.193548387096774,0.613247311827957,0.586021505376344,0.639784946236559,372
Aru001,Smi165,Ama006,Aga002,0.371567204301075,0.341397849462366,0.403225806451613,0.310876344086021,0.282258064516129,0.341397849462366,0.317556451612903,0.287634408602151,0.349462365591398,372
Aru001,Smi165,Ape009,Aza135,0.813733870967742,0.793010752688172,0.833333333333333,0.0846612903225806,0.0698924731182796,0.0994623655913978,0.101604838709677,0.0887096774193548,0.118279569892473,372
Aru001,Smi165,Aza037,Aza135,0.826795698924731,0.809139784946237,0.844086021505376,0.0858924731182796,0.0752688172043011,0.0994623655913978,0.0873091397849462,0.0725806451612903,0.102150537634409,372
Aru001,Smi165,Adi001,Aga002,0.243413978494624,0.217741935483871,0.268817204301075,0.193940860215054,0.172043010752688,0.217741935483871,0.562645161290323,0.532258064516129,0.591397849462366,372
Aru001,Smi165,Ama018,Aru127,0.0802096774193548,0.0725806451612903,0.0887096774193548,0.0458360215053763,0.0403225806451613,0.0537634408602151,0.873954301075269,0.862903225806452,0.884408602150538,372
Aru001,Smi165,Aza135,Aga001,0.384712365591398,0.354838709677419,0.416666666666667,0.323739247311828,0.295698924731183,0.354838709677419,0.291551075268817,0.263440860215054,0.32258064516129,372
Aru001,Smi165,Aza037,Aga002,0.389322580645161,0.35752688172043,0.422043010752688,0.303908602150538,0.274193548387097,0.333333333333333,0.306768817204301,0.276881720430108,0.338709677419355,372
Aru001,Smi165,Adi003,Aga002,0.241685483870968,0.217741935483871,0.268817204301075,0.181653225806452,0.158602150537634,0.204301075268817,0.576661290322581,0.548387096774194,0.604838709677419,372
Aru001,Smi165,Asu001,Aru127,0.048,0.043010752688172,0.0564516129032258,0.0637311827956989,0.0564516129032258,0.0725806451612903,0.888268817204301,0.876344086021505,0.897849462365591,372
Aru001,Smi165,Adi003,Aga001,0.244360215053763,0.217741935483871,0.271505376344086,0.188088709677419,0.166666666666667,0.212365591397849,0.567551075268817,0.537634408602151,0.596774193548387,372
Aru001,Smi165,Age001,Aga001,0.218258064516129,0.196236559139785,0.241935483870968,0.182809139784946,0.161290322580645,0.206989247311828,0.598932795698925,0.56989247311828,0.626344086021505,372
Aru001,Smi165,Age001,Ama006,0.142561827956989,0.120967741935484,0.163978494623656,0.211959677419355,0.188172043010753,0.236559139784946,0.645478494623656,0.618279569892473,0.672043010752688,372
Aru001,Smi165,Ape001,Ama018,0.808400537634409,0.787634408602151,0.827956989247312,0.0842043010752688,0.0698924731182796,0.0994623655913978,0.107395161290323,0.0940860215053763,0.123655913978495,372
Aru001,Smi165,Ape009,Adi001,0.209002688172043,0.185483870967742,0.231182795698925,0.550822580645161,0.524193548387097,0.577956989247312,0.240174731182796,0.217741935483871,0.263440860215054,372
Aru001,Smi165,Ape009,Adi002,0.210032258064516,0.188172043010753,0.233870967741935,0.551327956989247,0.524193548387097,0.577956989247312,0.238639784946237,0.21505376344086,0.263440860215054,372
Aru001,Smi165,Ape001,Adi001,0.22169623655914,0.198924731182796,0.244623655913978,0.551634408602151,0.524193548387097,0.577956989247312,0.22666935483871,0.204301075268817,0.25,372
Aru001,Smi165,Ama006,Aza135,0.827236559139785,0.806451612903226,0.846774193548387,0.0840698924731183,0.0698924731182796,0.0994623655913978,0.0886935483870968,0.0752688172043011,0.104838709677419,372
Aru001,Smi165,Ape009,Ape001,0.907887096774194,0.895161290322581,0.919354838709677,0.0470994623655914,0.0403225806451613,0.0564516129032258,0.045010752688172,0.0376344086021505,0.0537634408602151,372
Aru001,Smi165,Adi002,Aga001,0.239865591397849,0.212365591397849,0.266129032258065,0.205069892473118,0.18010752688172,0.231182795698925,0.555064516129032,0.524193548387097,0.586021505376344,372
Aru001,Smi165,Adi001,Ama006,0.169868279569892,0.147849462365591,0.193548387096774,0.251766129032258,0.225806451612903,0.276881720430108,0.578365591397849,0.548387096774194,0.60752688172043,372
Aru001,Smi165,Aza037,Ape001,0.82558064516129,0.806451612903226,0.841397849462366,0.0951478494623656,0.0833333333333333,0.10752688172043,0.0792715053763441,0.0672043010752688,0.0940860215053763,372
Aru001,Smi165,Asu001,Age001,0.203774193548387,0.18010752688172,0.228494623655914,0.611416666666667,0.583333333333333,0.639784946236559,0.184809139784946,0.163978494623656,0.206989247311828,372
Aru001,Smi165,Adi001,Aga001,0.249994623655914,0.223118279569892,0.276881720430108,0.195099462365591,0.172043010752688,0.220430107526882,0.554905913978495,0.524193548387097,0.583333333333333,372
Aru001,Smi165,Aru127,Aga001,0.060244623655914,0.0537634408602151,0.0672043010752688,0.88630376344086,0.873655913978495,0.897849462365591,0.0534489247311828,0.043010752688172,0.0645161290322581,372
Aru001,Aza037,Asu001,Ama018,0.0603521505376344,0.0510752688172043,0.0725806451612903,0.863438172043011,0.846774193548387,0.879032258064516,0.0762096774193548,0.0645161290322581,0.0887096774193548,372
Aru001,Smi165,Asu001,Ape001,0.423193548387097,0.39247311827957,0.454301075268817,0.274134408602151,0.244623655913978,0.303763440860215,0.302672043010753,0.274193548387097,0.333333333333333,372
Aru001,Smi165,Aza037,Adi002,0.182884408602151,0.158602150537634,0.206989247311828,0.571908602150538,0.543010752688172,0.602150537634409,0.245206989247312,0.220430107526882,0.271505376344086,372
Aru001,Smi165,Adi001,Aru127,0.0503951612903226,0.043010752688172,0.0591397849462366,0.0367284946236559,0.0295698924731183,0.0456989247311828,0.912876344086021,0.903225806451613,0.922043010752688,372
Aru001,Smi165,Asu001,Ama018,0.392096774193548,0.360215053763441,0.424731182795699,0.29741935483871,0.266129032258065,0.330645161290323,0.310483870967742,0.279569892473118,0.341397849462366,372
Aru001,Smi165,Aza037,Ama006,0.860744623655914,0.846774193548387,0.873655913978495,0.0753198924731183,0.0645161290322581,0.0860215053763441,0.0639327956989247,0.0537634408602151,0.0752688172043011,372
Aru001,Smi165,Asu001,Adi001,0.252400537634409,0.225806451612903,0.279569892473118,0.544491935483871,0.516129032258065,0.575268817204301,0.20310752688172,0.18010752688172,0.228494623655914,372
Aru001,Smi165,Ama006,Aru127,0.0726774193548387,0.0645161290322581,0.0833333333333333,0.0400591397849462,0.0349462365591398,0.0483870967741935,0.887260752688172,0.876344086021505,0.897849462365591,372
Aru001,Smi165,Adi001,Adi003,0.936543010752688,0.92741935483871,0.946236559139785,0.0387930107526882,0.032258064516129,0.0456989247311828,0.0246639784946237,0.0188172043010753,0.032258064516129,372
Aru001,Aza037,Ape001,Aza135,0.196962365591398,0.172043010752688,0.223118279569892,0.378795698924731,0.349462365591398,0.408602150537634,0.424239247311828,0.39247311827957,0.454301075268817,372
Aru001,Aza037,Ama018,Aga002,0.0735215053763441,0.0618279569892473,0.0860215053763441,0.072744623655914,0.0618279569892473,0.0860215053763441,0.853733870967742,0.836021505376344,0.868279569892473,372
Aru001,Aza037,Ama006,Aru127,0.0225268817204301,0.0188172043010753,0.0268817204301075,0.0165591397849462,0.0134408602150538,0.021505376344086,0.960911290322581,0.954301075268817,0.96505376344086,372
Aru001,Aza037,Adi001,Adi002,0.973513440860215,0.967741935483871,0.975806451612903,0.0156182795698925,0.0134408602150538,0.021505376344086,0.0108682795698925,0.00806451612903226,0.0161290322580645,372
Aru001,Aza037,Age001,Ape001,0.0893010752688172,0.0779569892473118,0.102150537634409,0.842096774193548,0.825268817204301,0.85752688172043,0.0686021505376344,0.0564516129032258,0.0833333333333333,372
Aru001,Aza037,Asu001,Ape001,0.104766129032258,0.0913978494623656,0.120967741935484,0.827056451612903,0.806451612903226,0.846774193548387,0.0681801075268817,0.0537634408602151,0.0833333333333333,372
Aru001,Aza037,Age001,Aru127,0.042997311827957,0.0349462365591398,0.0510752688172043,0.0771854838709677,0.0698924731182796,0.0860215053763441,0.879817204301075,0.868279569892473,0.889784946236559,372
Aru001,Ape009,Ama018,Adi001,0.0614516129032258,0.0483870967741935,0.0752688172043011,0.0666155913978495,0.0564516129032258,0.0806451612903226,0.871932795698925,0.854838709677419,0.889784946236559,372
Aru001,Aza037,Aru127,Aga002,0.0388440860215054,0.0349462365591398,0.0456989247311828,0.904481182795699,0.89247311827957,0.913978494623656,0.0566747311827957,0.0483870967741935,0.0645161290322581,372
Aru001,Aza037,Adi003,Aga002,0.365505376344086,0.336021505376344,0.397849462365591,0.393247311827957,0.360215053763441,0.42741935483871,0.24125,0.212365591397849,0.271505376344086,372
Aru001,Aza037,Age001,Aga001,0.341653225806452,0.311827956989247,0.373655913978495,0.408688172043011,0.376344086021505,0.440860215053763,0.249658602150538,0.220430107526882,0.279569892473118,372
Aru001,Aza037,Adi001,Aza135,0.0762983870967742,0.0645161290322581,0.0887096774193548,0.851016129032258,0.833333333333333,0.868279569892473,0.0726854838709678,0.0591397849462366,0.0887096774193548,372
Aru001,Aza037,Adi002,Aza135,0.0751263440860215,0.0618279569892473,0.0887096774193548,0.851637096774194,0.833333333333333,0.868279569892473,0.0732365591397849,0.0618279569892473,0.0887096774193548,372
Aru001,Ape009,Ape001,Aga002,0.0519677419354839,0.0403225806451613,0.0645161290322581,0.0252903225806452,0.0188172043010753,0.0349462365591398,0.922741935483871,0.908602150537634,0.935483870967742,372
Aru001,Aza037,Ama018,Ama006,0.650370967741935,0.623655913978495,0.67741935483871,0.16639247311828,0.145161290322581,0.190860215053763,0.183233870967742,0.161290322580645,0.206989247311828,372
Aru001,Ape009,Age001,Aza135,0.0863037634408602,0.0725806451612903,0.102150537634409,0.823672043010753,0.803763440860215,0.841397849462366,0.0900241935483871,0.0779569892473118,0.104838709677419,372
Aru001,Aza037,Asu001,Aga001,0.853720430107527,0.833333333333333,0.870967741935484,0.0615376344086021,0.0510752688172043,0.0752688172043011,0.084741935483871,0.0698924731182796,0.0994623655913978,372
Aru001,Aza037,Adi002,Aru127,0.0448951612903226,0.0376344086021505,0.0537634408602151,0.0633225806451613,0.0537634408602151,0.0725806451612903,0.891779569892473,0.879032258064516,0.903225806451613,372
Aru001,Ape009,Age001,Adi002,0.567637096774194,0.537634408602151,0.596774193548387,0.223045698924731,0.198924731182796,0.25,0.209317204301075,0.185483870967742,0.236559139784946,372
Aru001,Ape009,Asu001,Aza135,0.0833897849462366,0.0672043010752688,0.102150537634409,0.812360215053763,0.787634408602151,0.833333333333333,0.104247311827957,0.0887096774193548,0.123655913978495,372
Aru001,Ape009,Asu001,Ama018,0.063994623655914,0.0510752688172043,0.0806451612903226,0.85494623655914,0.836021505376344,0.873655913978495,0.0810591397849462,0.0698924731182796,0.0967741935483871,372
Aru001,Aza037,Age001,Ama018,0.0539059139784946,0.0456989247311828,0.0645161290322581,0.881403225806452,0.865591397849462,0.895161290322581,0.0646908602150538,0.0537634408602151,0.0752688172043011,372
Aru001,Ape009,Ape001,Adi001,0.0394435483870968,0.032258064516129,0.0483870967741935,0.0328198924731183,0.0268817204301075,0.0403225806451613,0.927736559139785,0.916666666666667,0.938172043010753,372
Aru001,Ape009,Asu001,Ape001,0.0506881720430108,0.0403225806451613,0.0618279569892473,0.916333333333333,0.903225806451613,0.93010752688172,0.0329784946236559,0.0268817204301075,0.043010752688172,372
Aru001,Aza037,Ape001,Ama006,0.230868279569892,0.206989247311828,0.258064516129032,0.482379032258064,0.451612903225806,0.513440860215054,0.286752688172043,0.258064516129032,0.317204301075269,372
Aru001,Ape009,Ape001,Aga001,0.0552634408602151,0.043010752688172,0.0672043010752688,0.0255698924731183,0.0188172043010753,0.0349462365591398,0.91916935483871,0.905913978494624,0.932795698924731,372
Aru001,Ape009,Age001,Aga001,0.347889784946237,0.317204301075269,0.379032258064516,0.408150537634409,0.376344086021505,0.440860215053763,0.243959677419355,0.21505376344086,0.274193548387097,372
Aru001,Ape009,Asu001,Ama006,0.0646075268817204,0.0510752688172043,0.0806451612903226,0.846927419354839,0.827956989247312,0.865591397849462,0.0884650537634409,0.0752688172043011,0.104838709677419,372
Aru001,Aza037,Adi001,Adi003,0.977,0.973118279569892,0.978494623655914,0.0200403225806452,0.0188172043010753,0.0241935483870968,0.00296236559139785,0.00268817204301075,0.00537634408602151,372
Aru001,Aza037,Ama018,Aru127,0.028,0.0241935483870968,0.032258064516129,0.0221989247311828,0.0188172043010753,0.0268817204301075,0.94980376344086,0.943548387096774,0.954301075268817,372
Aru001,Aza037,Ape009,Aza135,0.188408602150538,0.163978494623656,0.21505376344086,0.365102150537634,0.336021505376344,0.395161290322581,0.446489247311828,0.416666666666667,0.475806451612903,372
Aru001,Aza037,Adi002,Aga002,0.350862903225806,0.31989247311828,0.381720430107527,0.411443548387097,0.379032258064516,0.446236559139785,0.237693548387097,0.209677419354839,0.266129032258065,372
Aru001,Ape009,Ape001,Adi003,0.0457204301075269,0.0376344086021505,0.0564516129032258,0.0328225806451613,0.0268817204301075,0.0403225806451613,0.921454301075269,0.908602150537634,0.932795698924731,372
Aru001,Aza037,Age001,Aga002,0.348774193548387,0.31989247311828,0.379032258064516,0.393161290322581,0.362903225806452,0.424731182795699,0.258064516129032,0.228494623655914,0.290322580645161,372
Aru001,Aza037,Ama018,Adi003,0.0668225806451613,0.0564516129032258,0.0779569892473118,0.0530725806451613,0.0456989247311828,0.0645161290322581,0.880102150537635,0.865591397849462,0.89247311827957,372
Aru001,Aza037,Ama018,Aza135,0.189793010752688,0.166666666666667,0.21505376344086,0.31727688172043,0.290322580645161,0.346774193548387,0.492930107526882,0.462365591397849,0.524193548387097,372
Aru001,Ape009,Age001,Adi003,0.564206989247312,0.53494623655914,0.594086021505376,0.235588709677419,0.209677419354839,0.263440860215054,0.200204301075269,0.17741935483871,0.225806451612903,372
Aru001,Aza037,Adi003,Aga001,0.367932795698925,0.338709677419355,0.400537634408602,0.385529569892473,0.352150537634409,0.419354838709677,0.246537634408602,0.217741935483871,0.276881720430108,372
Aru001,Aza037,Ape001,Aru127,0.031510752688172,0.0295698924731183,0.0376344086021505,0.0191559139784946,0.0134408602150538,0.0241935483870968,0.949333333333333,0.943548387096774,0.954301075268817,372
Aru001,Aza037,Aru127,Adi003,0.0501048387096774,0.043010752688172,0.0591397849462366,0.896034946236559,0.884408602150538,0.905913978494624,0.0538629032258064,0.0456989247311828,0.0645161290322581,372
Aru001,Aza037,Asu001,Age001,0.342338709677419,0.309139784946237,0.376344086021505,0.228962365591398,0.198924731182796,0.260752688172043,0.428698924731183,0.395161290322581,0.462365591397849,372
Aru001,Aza037,Asu001,Adi001,0.350306451612903,0.31989247311828,0.381720430107527,0.213685483870968,0.185483870967742,0.244623655913978,0.436010752688172,0.403225806451613,0.470430107526882,372
Aru001,Ape009,Age001,Ama006,0.0688387096774194,0.0564516129032258,0.0833333333333333,0.852599462365591,0.836021505376344,0.868279569892473,0.0785618279569893,0.0672043010752688,0.0913978494623656,372
Aru001,Aza037,Ape009,Ama006,0.253524193548387,0.225806451612903,0.282258064516129,0.438008064516129,0.408602150537634,0.467741935483871,0.308470430107527,0.282258064516129,0.336021505376344,372
Aru001,Aza037,Ama006,Aza135,0.210545698924731,0.185483870967742,0.236559139784946,0.311521505376344,0.282258064516129,0.341397849462366,0.477932795698925,0.446236559139785,0.508064516129032,372
Aru001,Aza037,Adi001,Aga001,0.359911290322581,0.330645161290323,0.389784946236559,0.39433064516129,0.362903225806452,0.42741935483871,0.245760752688172,0.217741935483871,0.274193548387097,372
Aru001,Aza037,Ape001,Aga002,0.115725806451613,0.102150537634409,0.131720430107527,0.0540510752688172,0.0403225806451613,0.0672043010752688,0.83022311827957,0.809139784946237,0.849462365591398,372
Aru001,Aza037,Aru127,Aga001,0.0467258064516129,0.043010752688172,0.0537634408602151,0.896018817204301,0.884408602150538,0.905913978494624,0.057258064516129,0.0483870967741935,0.0672043010752688,372
Aru001,Aza037,Asu001,Aga002,0.844873655913979,0.825268817204301,0.862903225806452,0.0698870967741936,0.0591397849462366,0.0833333333333333,0.0852365591397849,0.0725806451612903,0.102150537634409,372
Aru001,Ape009,Ape001,Ama018,0.122397849462366,0.104838709677419,0.14247311827957,0.194965053763441,0.174731182795699,0.217741935483871,0.682637096774194,0.655913978494624,0.706989247311828,372
Aru001,Aza037,Aza135,Aru127,0.0189059139784946,0.0161290322580645,0.0241935483870968,0.0327204301075269,0.0268817204301075,0.0403225806451613,0.948376344086021,0.940860215053763,0.954301075268817,372
Aru001,Ape009,Age001,Adi001,0.575529569892473,0.545698924731183,0.604838709677419,0.22716935483871,0.201612903225806,0.252688172043011,0.197301075268817,0.174731182795699,0.223118279569892,372
Aru001,Ape009,Ape001,Aza135,0.109389784946237,0.0940860215053763,0.126344086021505,0.109510752688172,0.0940860215053763,0.126344086021505,0.781096774193548,0.758064516129032,0.801075268817204,372
Aru001,Aza037,Aza135,Aga001,0.0995967741935484,0.0860215053763441,0.115591397849462,0.0731801075268817,0.0591397849462366,0.0887096774193548,0.82722311827957,0.806451612903226,0.844086021505376,372
Aru001,Aza037,Ama006,Aga001,0.0785349462365591,0.0672043010752688,0.0913978494623656,0.066258064516129,0.0537634408602151,0.0806451612903226,0.855204301075269,0.838709677419355,0.870967741935484,372
Aru001,Aza037,Age001,Adi003,0.585059139784946,0.553763440860215,0.615591397849462,0.205956989247312,0.18010752688172,0.231182795698925,0.208981182795699,0.182795698924731,0.236559139784946,372
Aru001,Aza037,Age001,Adi001,0.592556451612903,0.561827956989247,0.623655913978495,0.194104838709677,0.169354838709677,0.220430107526882,0.213341397849462,0.188172043010753,0.239247311827957,372
Aru001,Ape009,Asu001,Adi001,0.348258064516129,0.317204301075269,0.381720430107527,0.233612903225806,0.204301075268817,0.263440860215054,0.418129032258065,0.384408602150538,0.451612903225806,372
Aru001,Aza037,Ape009,Aga002,0.0928951612903226,0.0806451612903226,0.10752688172043,0.0592177419354839,0.0456989247311828,0.0752688172043011,0.847884408602151,0.827956989247312,0.865591397849462,372
Aru001,Aza037,Age001,Ama006,0.0687715053763441,0.0591397849462366,0.0806451612903226,0.870008064516129,0.854838709677419,0.884408602150538,0.0612204301075269,0.0510752688172043,0.0725806451612903,372
Aru001,Ape009,Asu001,Age001,0.344150537634409,0.311827956989247,0.376344086021505,0.218212365591398,0.188172043010753,0.25,0.437634408602151,0.403225806451613,0.473118279569892,372
Aru001,Ape009,Ape001,Adi002,0.0445698924731183,0.0349462365591398,0.0537634408602151,0.0297096774193548,0.021505376344086,0.0376344086021505,0.925720430107527,0.913978494623656,0.938172043010753,372
Aru001,Aza037,Age001,Aza135,0.0975752688172043,0.0860215053763441,0.110215053763441,0.82755376344086,0.809139784946237,0.844086021505376,0.0748709677419355,0.0618279569892473,0.0887096774193548,372
Aru001,Ape009,Ape001,Ama006,0.118647849462366,0.0994623655913978,0.139784946236559,0.187674731182796,0.163978494623656,0.212365591397849,0.693674731182796,0.666666666666667,0.720430107526882,372
Aru001,Aza037,Adi001,Aga002,0.352465053763441,0.32258064516129,0.384408602150538,0.409870967741935,0.376344086021505,0.443548387096774,0.237666666666667,0.209677419354839,0.268817204301075,372
Aru001,Aza037,Ama018,Adi001,0.0664220430107527,0.0564516129032258,0.0779569892473118,0.0507903225806452,0.043010752688172,0.0618279569892473,0.882787634408602,0.868279569892473,0.895161290322581,372
Aru001,Aza037,Adi001,Aru127,0.0497284946236559,0.043010752688172,0.0591397849462366,0.0573924731182796,0.0483870967741935,0.0672043010752688,0.892879032258065,0.881720430107527,0.903225806451613,372
Aru001,Ape009,Age001,Aga002,0.347344086021505,0.317204301075269,0.379032258064516,0.40486559139785,0.373655913978495,0.438172043010753,0.247790322580645,0.217741935483871,0.279569892473118,372
Aru001,Aza037,Aza135,Adi003,0.0769408602150538,0.0645161290322581,0.0913978494623656,0.0779354838709677,0.0645161290322581,0.0940860215053763,0.845123655913979,0.827956989247312,0.862903225806452,372
Aru001,Aza037,Adi002,Ama006,0.0722822580645161,0.0618279569892473,0.0833333333333333,0.869126344086022,0.854838709677419,0.881720430107527,0.0585913978494624,0.0483870967741935,0.0698924731182796,372
Aru001,Aza037,Ama006,Adi003,0.0753091397849462,0.0645161290322581,0.0860215053763441,0.0624032258064516,0.0537634408602151,0.0752688172043011,0.862287634408602,0.846774193548387,0.876344086021505,372
Aru001,Aza037,Ape001,Adi001,0.0918252688172043,0.0806451612903226,0.104838709677419,0.052755376344086,0.043010752688172,0.0645161290322581,0.85541935483871,0.838709677419355,0.870967741935484,372
Aru001,Ape009,Asu001,Adi002,0.351602150537634,0.31989247311828,0.384408602150538,0.224497311827957,0.196236559139785,0.252688172043011,0.423900537634409,0.389784946236559,0.456989247311828,372
Aru001,Aza037,Ape001,Aga001,0.113634408602151,0.0994623655913978,0.129032258064516,0.060991935483871,0.0483870967741935,0.0752688172043011,0.825373655913978,0.806451612903226,0.841397849462366,372
Aru001,Aza037,Adi001,Ama006,0.0689569892473118,0.0591397849462366,0.0806451612903226,0.870569892473118,0.854838709677419,0.884408602150538,0.0604758064516129,0.0510752688172043,0.0725806451612903,372
Aru001,Aza037,Aga001,Aga002,0.925295698924731,0.916666666666667,0.932795698924731,0.0385940860215054,0.032258064516129,0.0456989247311828,0.0361102150537634,0.0295698924731183,0.043010752688172,372
Aru001,Aza037,Ama018,Aga001,0.0815268817204301,0.0698924731182796,0.0940860215053763,0.0602822580645161,0.0483870967741935,0.0752688172043011,0.858190860215054,0.841397849462366,0.873655913978495,372
Aru001,Ape009,Age001,Ape001,0.0470295698924731,0.0403225806451613,0.0564516129032258,0.922680107526882,0.911290322580645,0.932795698924731,0.0302903225806452,0.0241935483870968,0.0376344086021505,372
Aru001,Aza037,Asu001,Adi002,0.348271505376344,0.317204301075269,0.379032258064516,0.215198924731183,0.188172043010753,0.244623655913978,0.436532258064516,0.403225806451613,0.470430107526882,372
Aru001,Aza037,Aza135,Aga002,0.0919811827956989,0.0779569892473118,0.10752688172043,0.0803145161290323,0.0672043010752688,0.0967741935483871,0.827704301075269,0.806451612903226,0.846774193548387,372
Aru001,Aza037,Ape001,Adi002,0.0889569892473118,0.0779569892473118,0.102150537634409,0.055744623655914,0.0456989247311828,0.0672043010752688,0.855298387096774,0.838709677419355,0.870967741935484,372
Aru001,Aza037,Asu001,Ama006,0.0715725806451613,0.0618279569892473,0.0833333333333333,0.853215053763441,0.836021505376344,0.868279569892473,0.0752123655913979,0.0645161290322581,0.0887096774193548,372
Aru001,Ape009,Asu001,Aru127,0.0340645161290323,0.0295698924731183,0.043010752688172,0.0468870967741935,0.043010752688172,0.0537634408602151,0.919048387096774,0.908602150537634,0.92741935483871,372
Aru001,Ape009,Ape001,Aru127,0.0255698924731183,0.0241935483870968,0.0295698924731183,1.61290322580645e-05,0,0,0.974411290322581,0.970430107526882,0.975806451612903,372
Aru001,Aza037,Ape009,Aga001,0.0853602150537634,0.0725806451612903,0.0994623655913978,0.0604301075268817,0.0456989247311828,0.0779569892473118,0.854209677419355,0.833333333333333,0.873655913978495,372
Aru001,Aza037,Ape001,Ama018,0.229986559139785,0.204301075268817,0.258064516129032,0.486381720430108,0.454301075268817,0.518817204301075,0.283631720430108,0.255376344086022,0.314516129032258,372
Aru001,Ape009,Asu001,Aga002,0.837266129032258,0.817204301075269,0.854838709677419,0.0748333333333333,0.0618279569892473,0.0887096774193548,0.0879005376344086,0.0725806451612903,0.104838709677419,372
Aru001,Ape009,Asu001,Adi003,0.347432795698925,0.317204301075269,0.379032258064516,0.24302688172043,0.21505376344086,0.271505376344086,0.409540322580645,0.376344086021505,0.443548387096774,372
Aru001,Aza037,Ama006,Aga002,0.077755376344086,0.0672043010752688,0.0913978494623656,0.0721854838709678,0.0618279569892473,0.0860215053763441,0.850059139784946,0.833333333333333,0.862903225806452,372
Aru001,Ape009,Ama018,Ama006,0.720158602150538,0.696236559139785,0.744623655913978,0.1265,0.110215053763441,0.145161290322581,0.153341397849462,0.134408602150538,0.172043010752688,372
Aru001,Ape009,Ama018,Adi002,0.0649354838709677,0.0537634408602151,0.0779569892473118,0.0657876344086021,0.0564516129032258,0.0779569892473118,0.86927688172043,0.852150537634409,0.884408602150538,372
Aru001,Aza037,Ama018,Adi002,0.0636962365591398,0.0537634408602151,0.0752688172043011,0.0554569892473118,0.0456989247311828,0.0672043010752688,0.880844086021505,0.865591397849462,0.895161290322581,372
Aru001,Aza037,Adi002,Adi003,0.974123655913979,0.970430107526882,0.975806451612903,0.019755376344086,0.0161290322580645,0.0241935483870968,0.00612096774193548,0.00537634408602151,0.010752688172043,372
Aru001,Aza037,Age001,Adi002,0.57947311827957,0.548387096774194,0.610215053763441,0.200271505376344,0.174731182795699,0.225806451612903,0.220255376344086,0.193548387096774,0.247311827956989,372
Aru001,Ape009,Asu001,Aga001,0.849317204301075,0.830645161290323,0.865591397849462,0.0616182795698925,0.0510752688172043,0.0752688172043011,0.0890645161290323,0.0752688172043011,0.104838709677419,372
Aru001,Aza037,Asu001,Aza135,0.0850940860215054,0.0725806451612903,0.0994623655913978,0.836483870967742,0.817204301075269,0.854838709677419,0.0784193548387097,0.0645161290322581,0.0940860215053763,372
Aru001,Aza037,Adi002,Aga001,0.359784946236559,0.327956989247312,0.39247311827957,0.398801075268817,0.365591397849462,0.432795698924731,0.241413978494624,0.212365591397849,0.271505376344086,372
Aru001,Aza037,Asu001,Adi003,0.356809139784946,0.325268817204301,0.387096774193548,0.227005376344086,0.198924731182796,0.255376344086022,0.416185483870968,0.384408602150538,0.448924731182796,372
Aru001,Ape009,Age001,Aru127,0.0435618279569892,0.0376344086021505,0.0510752688172043,0.0631182795698925,0.0564516129032258,0.0725806451612903,0.893319892473118,0.881720430107527,0.903225806451613,372
Aru001,Ape009,Age001,Ama018,0.0635456989247312,0.0510752688172043,0.0779569892473118,0.863618279569893,0.846774193548387,0.879032258064516,0.0728360215053763,0.0618279569892473,0.0860215053763441,372
Aru001,Aza037,Ape001,Adi003,0.0983655913978495,0.0860215053763441,0.112903225806452,0.0559838709677419,0.0456989247311828,0.0672043010752688,0.845650537634409,0.827956989247312,0.860215053763441,372
Aru001,Ape009,Aza135,Aru127,0.0227123655913978,0.0188172043010753,0.0295698924731183,0.0191397849462366,0.0161290322580645,0.0241935483870968,0.958147849462366,0.951612903225806,0.96505376344086,372
Aru001,Age001,Adi001,Adi003,0.939639784946237,0.932795698924731,0.946236559139785,0.025,0.0241935483870968,0.0295698924731183,0.0353602150537634,0.0295698924731183,0.0403225806451613,372
Aru001,Asu001,Age001,Ama006,0.241099462365591,0.212365591397849,0.271505376344086,0.417620967741935,0.384408602150538,0.451612903225806,0.34127688172043,0.309139784946237,0.373655913978495,372
Aru001,Age001,Ape001,Adi001,0.220067204301075,0.196236559139785,0.247311827956989,0.579193548387097,0.548387096774194,0.60752688172043,0.200741935483871,0.17741935483871,0.225806451612903,372
Aru001,Age001,Ape001,Adi002,0.212618279569892,0.188172043010753,0.239247311827957,0.57105376344086,0.540322580645161,0.599462365591398,0.216327956989247,0.190860215053763,0.241935483870968,372
Aru001,Asu001,Age001,Aru127,0.0416397849462366,0.0349462365591398,0.0510752688172043,0.0458602150537634,0.0403225806451613,0.0537634408602151,0.9125,0.900537634408602,0.922043010752688,372
Aru001,Asu001,Ama006,Aga001,0.0688091397849462,0.0564516129032258,0.0833333333333333,0.852293010752688,0.833333333333333,0.868279569892473,0.0788978494623656,0.0645161290322581,0.0940860215053763,372
Aru001,Ape009,Ama018,Aru127,0.0374005376344086,0.032258064516129,0.0456989247311828,0.0141129032258065,0.010752688172043,0.0188172043010753,0.948483870967742,0.940860215053763,0.954301075268817,372
Aru001,Asu001,Ama018,Aga001,0.0691586021505376,0.0591397849462366,0.0833333333333333,0.858279569892473,0.838709677419355,0.873655913978495,0.0725618279569892,0.0591397849462366,0.0887096774193548,372
Aru001,Asu001,Ama006,Aza135,0.825395161290323,0.803763440860215,0.844086021505376,0.0935725806451613,0.0779569892473118,0.110215053763441,0.0810295698924731,0.0672043010752688,0.0967741935483871,372
Aru001,Asu001,Aru127,Aga002,0.024989247311828,0.021505376344086,0.0295698924731183,0.951193548387097,0.943548387096774,0.956989247311828,0.0238172043010753,0.0188172043010753,0.0295698924731183,372
Aru001,Asu001,Aza135,Aga001,0.0707930107526882,0.0591397849462366,0.0833333333333333,0.841236559139785,0.82258064516129,0.860215053763441,0.0879704301075269,0.0725806451612903,0.104838709677419,372
Aru001,Asu001,Aza135,Aga002,0.071489247311828,0.0591397849462366,0.0860215053763441,0.838317204301075,0.817204301075269,0.85752688172043,0.0901935483870968,0.0752688172043011,0.10752688172043,372
Aru001,Age001,Ama018,Aru127,0.0780967741935484,0.0698924731182796,0.0860215053763441,0.0342204301075269,0.0268817204301075,0.043010752688172,0.887682795698925,0.876344086021505,0.897849462365591,372
Aru001,Asu001,Ama018,Adi003,0.245430107526882,0.217741935483871,0.274193548387097,0.352206989247312,0.32258064516129,0.381720430107527,0.402362903225806,0.370967741935484,0.435483870967742,372
Aru001,Asu001,Aru127,Aga001,0.0362069892473118,0.0349462365591398,0.0403225806451613,0.943244623655914,0.938172043010753,0.948924731182796,0.0205483870967742,0.0161290322580645,0.0241935483870968,372
Aru001,Ape009,Aza135,Aga001,0.0949623655913979,0.0779569892473118,0.112903225806452,0.0969569892473118,0.0833333333333333,0.112903225806452,0.80808064516129,0.78494623655914,0.827956989247312,372
Aru001,Asu001,Adi001,Ama006,0.238575268817204,0.209677419354839,0.268817204301075,0.410653225806452,0.379032258064516,0.443548387096774,0.350771505376344,0.31989247311828,0.381720430107527,372
Aru001,Ape009,Ama006,Adi003,0.0647284946236559,0.0510752688172043,0.0779569892473118,0.0864543010752688,0.0752688172043011,0.0994623655913978,0.848814516129032,0.830645161290323,0.865591397849462,372
Aru001,Ape009,Adi001,Aga002,0.33008064516129,0.298387096774194,0.362903225806452,0.403645161290323,0.370967741935484,0.438172043010753,0.266274193548387,0.236559139784946,0.298387096774194,372
Aru001,Asu001,Adi002,Aru127,0.0481639784946237,0.0403225806451613,0.0564516129032258,0.0403844086021505,0.032258064516129,0.0483870967741935,0.911451612903226,0.900537634408602,0.922043010752688,372
Aru001,Asu001,Aza135,Adi003,0.216897849462366,0.188172043010753,0.247311827956989,0.36664247311828,0.336021505376344,0.397849462365591,0.416459677419355,0.384408602150538,0.448924731182796,372
Aru001,Asu001,Ape001,Adi002,0.245505376344086,0.217741935483871,0.274193548387097,0.333005376344086,0.303763440860215,0.362903225806452,0.421486559139785,0.389784946236559,0.454301075268817,372
Aru001,Age001,Ape001,Ama018,0.835416666666667,0.817204301075269,0.852150537634409,0.0700537634408602,0.0564516129032258,0.0833333333333333,0.0945295698924731,0.0833333333333333,0.10752688172043,372
Aru001,Asu001,Ape001,Aru127,0.0566586021505376,0.0510752688172043,0.0645161290322581,0.0300779569892473,0.0268817204301075,0.0376344086021505,0.913263440860215,0.903225806451613,0.922043010752688,372
Aru001,Asu001,Age001,Ama018,0.224505376344086,0.193548387096774,0.258064516129032,0.429362903225807,0.395161290322581,0.46505376344086,0.346129032258065,0.314516129032258,0.379032258064516,372
Aru001,Asu001,Ama018,Adi002,0.230045698924731,0.201612903225806,0.260752688172043,0.349432795698925,0.31989247311828,0.381720430107527,0.420518817204301,0.387096774193548,0.454301075268817,372
Aru001,Asu001,Age001,Aga002,0.0929543010752688,0.0806451612903226,0.10752688172043,0.805145161290323,0.78494623655914,0.82258064516129,0.101900537634409,0.0887096774193548,0.118279569892473,372
Aru001,Asu001,Adi002,Aga001,0.0872043010752688,0.0752688172043011,0.0994623655913978,0.83308064516129,0.817204301075269,0.849462365591398,0.0797123655913978,0.0672043010752688,0.0940860215053763,372
Aru001,Ape009,Ama006,Aga002,0.0633629032258065,0.0483870967741935,0.0779569892473118,0.0992338709677419,0.0860215053763441,0.115591397849462,0.837400537634409,0.817204301075269,0.854838709677419,372
Aru001,Asu001,Adi001,Adi003,0.960782258064516,0.954301075268817,0.96505376344086,0.0276747311827957,0.0241935483870968,0.032258064516129,0.0115430107526882,0.010752688172043,0.0161290322580645,372
Aru001,Asu001,Ama006,Aga002,0.0747768817204301,0.0618279569892473,0.0887096774193548,0.840685483870968,0.81989247311828,0.85752688172043,0.0845376344086022,0.0698924731182796,0.0994623655913978,372
Aru001,Ape009,Ama006,Aga001,0.0648252688172043,0.0510752688172043,0.0806451612903226,0.0878736559139785,0.0752688172043011,0.102150537634409,0.847301075268817,0.827956989247312,0.865591397849462,372
Aru001,Asu001,Adi002,Ama006,0.249115591397849,0.220430107526882,0.279569892473118,0.411174731182796,0.379032258064516,0.443548387096774,0.339709677419355,0.309139784946237,0.370967741935484,372
Aru001,Asu001,Adi003,Aga001,0.0898333333333333,0.0779569892473118,0.102150537634409,0.831645161290323,0.814516129032258,0.846774193548387,0.0785215053763441,0.0672043010752688,0.0913978494623656,372
Aru001,Age001,Ape001,Ama006,0.823569892473118,0.806451612903226,0.841397849462366,0.0761424731182796,0.0645161290322581,0.0887096774193548,0.100287634408602,0.0887096774193548,0.115591397849462,372
Aru001,Asu001,Adi002,Aga002,0.075247311827957,0.0645161290322581,0.0887096774193548,0.832430107526882,0.814516129032258,0.849462365591398,0.0923225806451613,0.0806451612903226,0.10752688172043,372
Aru001,Ape009,Ama018,Aga001,0.074502688172043,0.0591397849462366,0.0913978494623656,0.0725537634408602,0.0618279569892473,0.0860215053763441,0.852943548387097,0.833333333333333,0.870967741935484,372
Aru001,Asu001,Age001,Aga001,0.0952284946236559,0.0833333333333333,0.110215053763441,0.822602150537634,0.803763440860215,0.838709677419355,0.0821693548387097,0.0698924731182796,0.0967741935483871,372
Aru001,Asu001,Ama006,Adi003,0.253182795698925,0.225806451612903,0.282258064516129,0.350478494623656,0.32258064516129,0.379032258064516,0.396338709677419,0.365591397849462,0.43010752688172,372
Aru001,Asu001,Ama006,Aru127,0.0595188172043011,0.0510752688172043,0.0672043010752688,0.0305806451612903,0.0268817204301075,0.0376344086021505,0.909903225806452,0.900537634408602,0.919354838709677,372
Aru001,Ape009,Adi002,Aga001,0.348763440860215,0.317204301075269,0.381720430107527,0.394720430107527,0.362903225806452,0.42741935483871,0.256516129032258,0.228494623655914,0.287634408602151,372
Aru001,Asu001,Adi001,Aru127,0.0445725806451613,0.0376344086021505,0.0537634408602151,0.0379704301075269,0.0295698924731183,0.0456989247311828,0.917454301075269,0.905913978494624,0.92741935483871,372
Aru001,Ape009,Aga001,Aga002,0.925787634408602,0.916666666666667,0.935483870967742,0.0424381720430108,0.0349462365591398,0.0510752688172043,0.0317741935483871,0.0241935483870968,0.0376344086021505,372
Aru001,Asu001,Ama018,Aga002,0.0738602150537634,0.0618279569892473,0.0887096774193548,0.846860215053763,0.827956989247312,0.865591397849462,0.0792795698924731,0.0645161290322581,0.0940860215053763,372
Aru001,Ape009,Ama006,Aru127,0.0258279569892473,0.0188172043010753,0.032258064516129,0.0115645161290323,0.010752688172043,0.0161290322580645,0.96260752688172,0.954301075268817,0.967741935483871,372
Aru001,Ape009,Adi001,Aza135,0.068991935483871,0.0564516129032258,0.0833333333333333,0.833016129032258,0.811827956989247,0.852150537634409,0.097991935483871,0.0833333333333333,0.112903225806452,372
Aru001,Asu001,Adi002,Aza135,0.221405913978495,0.193548387096774,0.25,0.42877688172043,0.395161290322581,0.462365591397849,0.349814516129032,0.31989247311828,0.381720430107527,372
Aru001,Ape009,Adi001,Aru127,0.0428655913978495,0.0349462365591398,0.0510752688172043,0.0512231182795699,0.043010752688172,0.0618279569892473,0.905911290322581,0.89247311827957,0.916666666666667,372
Aru001,Asu001,Age001,Aza135,0.233715053763441,0.204301075268817,0.266129032258065,0.422841397849462,0.389784946236559,0.456989247311828,0.343443548387097,0.311827956989247,0.376344086021505,372
Aru001,Asu001,Adi002,Adi003,0.956072580645161,0.948924731182796,0.959677419354839,0.0312231182795699,0.0295698924731183,0.0349462365591398,0.0127043010752688,0.010752688172043,0.0161290322580645,372
Aru001,Ape009,Adi001,Adi003,0.967284946236559,0.962365591397849,0.970430107526882,0.0224032258064516,0.021505376344086,0.0268817204301075,0.0103118279569892,0.00806451612903226,0.0134408602150538,372
Aru001,Age001,Ape001,Adi003,0.227798387096774,0.204301075268817,0.252688172043011,0.565916666666667,0.537634408602151,0.594086021505376,0.206284946236559,0.182795698924731,0.231182795698925,372
Aru001,Ape009,Adi003,Aga002,0.342263440860215,0.311827956989247,0.373655913978495,0.394682795698925,0.360215053763441,0.43010752688172,0.26305376344086,0.233870967741935,0.293010752688172,372
Aru001,Ape009,Ama018,Adi003,0.0650430107526882,0.0537634408602151,0.0779569892473118,0.072247311827957,0.0618279569892473,0.0860215053763441,0.862709677419355,0.844086021505376,0.879032258064516,372
Aru001,Asu001,Ape001,Ama018,0.809352150537634,0.787634408602151,0.827956989247312,0.0738467741935484,0.0591397849462366,0.0887096774193548,0.116801075268817,0.102150537634409,0.134408602150538,372
Aru001,Asu001,Adi001,Aza135,0.21735752688172,0.188172043010753,0.247311827956989,0.420666666666667,0.387096774193548,0.454301075268817,0.361975806451613,0.330645161290323,0.395161290322581,372
Aru001,Asu001,Aza135,Aru127,0.0455806451612903,0.0403225806451613,0.0537634408602151,0.0393333333333333,0.032258064516129,0.0483870967741935,0.915086021505376,0.905913978494624,0.924731182795699,372
Aru001,Asu001,Ama018,Aru127,0.0643387096774194,0.0564516129032258,0.0725806451612903,0.0359462365591398,0.0295698924731183,0.043010752688172,0.899715053763441,0.889784946236559,0.908602150537634,372
Aru001,Age001,Ape001,Aza135,0.797319892473118,0.776881720430108,0.817204301075269,0.0915833333333333,0.0779569892473118,0.10752688172043,0.111096774193548,0.0967741935483871,0.129032258064516,372
Aru001,Ape009,Adi002,Adi003,0.963510752688172,0.959677419354839,0.96505376344086,0.0275241935483871,0.0241935483870968,0.032258064516129,0.00896505376344086,0.00806451612903226,0.0134408602150538,372
Aru001,Asu001,Age001,Adi002,0.534408602150538,0.502688172043011,0.567204301075269,0.250091397849462,0.223118279569892,0.279569892473118,0.215497311827957,0.188172043010753,0.244623655913978,372
Aru001,Ape009,Ama018,Aza135,0.292631720430107,0.266129032258065,0.32258064516129,0.241341397849462,0.21505376344086,0.268817204301075,0.46602688172043,0.435483870967742,0.497311827956989,372
Aru001,Asu001,Ape001,Aza135,0.79164247311828,0.768817204301075,0.811827956989247,0.0841478494623656,0.0698924731182796,0.102150537634409,0.124209677419355,0.10752688172043,0.14247311827957,372
Aru001,Age001,Ama018,Aza135,0.810513440860215,0.790322580645161,0.830645161290323,0.103231182795699,0.0887096774193548,0.118279569892473,0.086255376344086,0.0725806451612903,0.102150537634409,372
Aru001,Age001,Ape001,Aga001,0.417717741935484,0.387096774193548,0.448924731182796,0.338494623655914,0.309139784946237,0.370967741935484,0.243784946236559,0.21505376344086,0.274193548387097,372
Aru001,Asu001,Aru127,Adi003,0.0528709677419355,0.0456989247311828,0.0618279569892473,0.915161290322581,0.903225806451613,0.924731182795699,0.0319677419354839,0.0241935483870968,0.0403225806451613,372
Aru001,Asu001,Ama018,Adi001,0.231228494623656,0.201612903225806,0.260752688172043,0.346048387096774,0.314516129032258,0.376344086021505,0.42272311827957,0.389784946236559,0.456989247311828,372
Aru001,Asu001,Age001,Ape001,0.230658602150538,0.201612903225806,0.260752688172043,0.440150537634409,0.408602150537634,0.473118279569892,0.329190860215054,0.298387096774194,0.360215053763441,372
Aru001,Asu001,Ama018,Ama006,0.918236559139785,0.908602150537634,0.92741935483871,0.0424489247311828,0.0376344086021505,0.0483870967741935,0.0393145161290323,0.032258064516129,0.0483870967741935,372
Aru001,Asu001,Adi001,Aga001,0.0847123655913979,0.0752688172043011,0.0967741935483871,0.831432795698925,0.814516129032258,0.846774193548387,0.0838575268817204,0.0725806451612903,0.0967741935483871,372
Aru001,Ape009,Aza135,Adi003,0.066002688172043,0.0537634408602151,0.0806451612903226,0.103010752688172,0.0887096774193548,0.118279569892473,0.830986559139785,0.811827956989247,0.849462365591398,372
Aru001,Asu001,Adi001,Adi002,0.964061827956989,0.956989247311828,0.967741935483871,0.0159139784946237,0.0134408602150538,0.021505376344086,0.0200241935483871,0.0161290322580645,0.0241935483870968,372
Aru001,Age001,Adi001,Adi002,0.952314516129032,0.946236559139785,0.956989247311828,0.0147231182795699,0.0134408602150538,0.0188172043010753,0.0329623655913978,0.0268817204301075,0.0403225806451613,372
Aru001,Ape009,Aza135,Aga002,0.0855967741935484,0.0698924731182796,0.104838709677419,0.112489247311828,0.0967741935483871,0.131720430107527,0.801913978494624,0.779569892473118,0.82258064516129,372
Aru001,Ape009,Adi003,Aga001,0.346083333333333,0.317204301075269,0.376344086021505,0.383709677419355,0.352150537634409,0.416666666666667,0.270204301075269,0.241935483870968,0.301075268817204,372
Aru001,Ape009,Adi001,Aga001,0.343860215053763,0.314516129032258,0.373655913978495,0.386123655913979,0.354838709677419,0.419354838709677,0.270013440860215,0.239247311827957,0.301075268817204,372
Aru001,Asu001,Age001,Adi003,0.53652688172043,0.505376344086022,0.567204301075269,0.259172043010753,0.231182795698925,0.287634408602151,0.204301075268817,0.17741935483871,0.233870967741935,372
Aru001,Ape009,Aru127,Aga001,0.0455806451612903,0.0403225806451613,0.0537634408602151,0.909661290322581,0.897849462365591,0.919354838709677,0.044760752688172,0.0376344086021505,0.0537634408602151,372
Aru001,Asu001,Ape001,Adi001,0.248680107526882,0.220430107526882,0.279569892473118,0.336827956989247,0.306451612903226,0.368279569892473,0.414491935483871,0.381720430107527,0.446236559139785,372
Aru001,Age001,Ama018,Ama006,0.925965053763441,0.913978494623656,0.935483870967742,0.0395403225806452,0.032258064516129,0.0483870967741935,0.034494623655914,0.0268817204301075,0.043010752688172,372
Aru001,Asu001,Adi003,Aga002,0.0848870967741936,0.0725806451612903,0.0994623655913978,0.819685483870968,0.801075268817204,0.836021505376344,0.0954247311827957,0.0833333333333333,0.110215053763441,372
Aru001,Asu001,Aga001,Aga002,0.788698924731183,0.768817204301075,0.806451612903226,0.0820537634408602,0.0672043010752688,0.0967741935483871,0.12925,0.112903225806452,0.147849462365591,372
Aru001,Ape009,Ama006,Aza135,0.312029569892473,0.282258064516129,0.344086021505376,0.236811827956989,0.209677419354839,0.266129032258065,0.451158602150538,0.419354838709677,0.483870967741935,372
Aru001,Asu001,Ape001,Adi003,0.256846774193548,0.228494623655914,0.287634408602151,0.333137096774194,0.303763440860215,0.362903225806452,0.410016129032258,0.379032258064516,0.443548387096774,372
Aru001,Asu001,Ama018,Aza135,0.807155913978495,0.78494623655914,0.827956989247312,0.104018817204301,0.0887096774193548,0.123655913978495,0.0888252688172043,0.0725806451612903,0.10752688172043,372
Aru001,Ape009,Adi001,Ama006,0.0576424731182796,0.0456989247311828,0.0725806451612903,0.857712365591398,0.838709677419355,0.876344086021505,0.0846451612903226,0.0725806451612903,0.0994623655913978,372
Aru001,Ape009,Aru127,Adi003,0.0469301075268817,0.0376344086021505,0.0564516129032258,0.904225806451613,0.89247311827957,0.913978494623656,0.0488440860215054,0.0403225806451613,0.0591397849462366,372
Aru001,Ape009,Adi002,Aza135,0.0732043010752688,0.0591397849462366,0.0887096774193548,0.834790322580645,0.814516129032258,0.854838709677419,0.092005376344086,0.0779569892473118,0.10752688172043,372
Aru001,Ape009,Adi002,Ama006,0.0685591397849462,0.0564516129032258,0.0833333333333333,0.854895161290323,0.836021505376344,0.870967741935484,0.0765456989247312,0.0645161290322581,0.0887096774193548,372
Aru001,Asu001,Ape001,Ama006,0.814854838709677,0.793010752688172,0.833333333333333,0.0725618279569892,0.0591397849462366,0.0887096774193548,0.11258064516129,0.0967741935483871,0.129032258064516,372
Aru001,Ape009,Aru127,Aga002,0.0346747311827957,0.0295698924731183,0.043010752688172,0.923868279569892,0.911290322580645,0.932795698924731,0.0414569892473118,0.0349462365591398,0.0510752688172043,372
Aru001,Ape009,Adi001,Adi002,0.97133064516129,0.96505376344086,0.975806451612903,0.00936021505376344,0.00806451612903226,0.0134408602150538,0.0193091397849462,0.0134408602150538,0.0241935483870968,372
Aru001,Ape009,Adi002,Aga002,0.333459677419355,0.301075268817204,0.365591397849462,0.413008064516129,0.379032258064516,0.446236559139785,0.253532258064516,0.223118279569892,0.28494623655914,372
Aru001,Ape009,Adi002,Aru127,0.0440860215053763,0.0349462365591398,0.0537634408602151,0.0578736559139785,0.0483870967741935,0.0672043010752688,0.898040322580645,0.884408602150538,0.908602150537634,372
Aru001,Asu001,Ape001,Aga001,0.0833037634408602,0.0725806451612903,0.0967741935483871,0.82864247311828,0.809139784946237,0.844086021505376,0.0880537634408602,0.0752688172043011,0.102150537634409,372
Aru001,Asu001,Ape001,Aga002,0.086013440860215,0.0725806451612903,0.102150537634409,0.829793010752688,0.809139784946237,0.849462365591398,0.0841935483870968,0.0698924731182796,0.0994623655913978,372
Aru001,Age001,Ape001,Aru127,0.0722715053763441,0.0645161290322581,0.0806451612903226,0.0419139784946237,0.0349462365591398,0.0510752688172043,0.885814516129032,0.873655913978495,0.895161290322581,372
Aru001,Ape009,Ama018,Aga002,0.0698279569892473,0.0564516129032258,0.0860215053763441,0.0852284946236559,0.0725806451612903,0.0994623655913978,0.844943548387097,0.825268817204301,0.862903225806452,372
Aru001,Asu001,Adi001,Aga002,0.0784623655913978,0.0672043010752688,0.0913978494623656,0.825822580645161,0.809139784946237,0.841397849462366,0.0957150537634409,0.0833333333333333,0.110215053763441,372
Aru001,Asu001,Age001,Adi001,0.542083333333333,0.510752688172043,0.575268817204301,0.248771505376344,0.220430107526882,0.279569892473118,0.209145161290323,0.182795698924731,0.239247311827957,372
Aru001,Adi001,Adi002,Aga001,0.0144462365591398,0.0134408602150538,0.0188172043010753,0.0238037634408602,0.0188172043010753,0.0295698924731183,0.961747311827957,0.954301075268817,0.967741935483871,372
Aru001,Age001,Aru127,Aga001,0.0607284946236559,0.0537634408602151,0.0698924731182796,0.905319892473118,0.89247311827957,0.916666666666667,0.0339489247311828,0.0241935483870968,0.043010752688172,372
Aru001,Age001,Aza135,Aga002,0.386911290322581,0.354838709677419,0.419354838709677,0.350470430107527,0.31989247311828,0.381720430107527,0.262618279569892,0.233870967741935,0.293010752688172,372
Aru001,Age001,Aru127,Aga002,0.0525241935483871,0.0456989247311828,0.0618279569892473,0.913209677419355,0.900537634408602,0.924731182795699,0.0342661290322581,0.0268817204301075,0.043010752688172,372
Aru001,Ape001,Adi001,Ama006,0.0623790322580645,0.0510752688172043,0.0752688172043011,0.838618279569893,0.81989247311828,0.85752688172043,0.099002688172043,0.0860215053763441,0.115591397849462,372
Aru001,Age001,Ama018,Aga002,0.402215053763441,0.370967741935484,0.435483870967742,0.348325268817204,0.317204301075269,0.379032258064516,0.249459677419355,0.220430107526882,0.279569892473118,372
Aru001,Ape001,Aza135,Aga002,0.0779274193548387,0.0645161290322581,0.0940860215053763,0.127384408602151,0.110215053763441,0.145161290322581,0.794688172043011,0.771505376344086,0.814516129032258,372
Aru001,Ape001,Adi001,Aru127,0.0402043010752688,0.032258064516129,0.0483870967741935,0.0598440860215054,0.0510752688172043,0.0698924731182796,0.899954301075269,0.887096774193548,0.911290322580645,372
Aru001,Ama018,Adi001,Adi003,0.977056451612903,0.973118279569892,0.978494623655914,0.0199865591397849,0.0188172043010753,0.0241935483870968,0.00295698924731183,0.00268817204301075,0.00537634408602151,372
Aru001,Ama018,Ama006,Adi003,0.0341962365591398,0.0268817204301075,0.043010752688172,0.0478225806451613,0.0403225806451613,0.0564516129032258,0.917981182795699,0.905913978494624,0.92741935483871,372
Aru001,Adi001,Adi002,Aga002,0.0173575268817204,0.0134408602150538,0.021505376344086,0.0219354838709677,0.0188172043010753,0.0268817204301075,0.960706989247312,0.954301075268817,0.96505376344086,372
Aru001,Ape001,Aza135,Aga001,0.0889274193548387,0.0725806451612903,0.104838709677419,0.115959677419355,0.0994623655913978,0.134408602150538,0.795112903225806,0.774193548387097,0.814516129032258,372
Aru001,Ama018,Adi003,Aga001,0.351166666666667,0.32258064516129,0.381720430107527,0.387333333333333,0.354838709677419,0.419354838709677,0.261497311827957,0.231182795698925,0.293010752688172,372
Aru001,Ape001,Adi002,Ama006,0.0668736559139785,0.0564516129032258,0.0806451612903226,0.839564516129032,0.81989247311828,0.85752688172043,0.0935618279569893,0.0806451612903226,0.10752688172043,372
Aru001,Ape001,Ama018,Aga002,0.0678897849462366,0.0537634408602151,0.0833333333333333,0.115693548387097,0.0994623655913978,0.131720430107527,0.816416666666667,0.795698924731183,0.836021505376344,372
Aru001,Age001,Adi002,Ama006,0.215784946236559,0.190860215053763,0.244623655913978,0.209266129032258,0.182795698924731,0.236559139784946,0.574948924731183,0.543010752688172,0.604838709677419,372
Aru001,Ape001,Aru127,Aga002,0.0338010752688172,0.0295698924731183,0.0403225806451613,0.915247311827957,0.903225806451613,0.924731182795699,0.0509516129032258,0.043010752688172,0.0591397849462366,372
Aru001,Ape001,Adi001,Aza135,0.0722311827956989,0.0591397849462366,0.0860215053763441,0.819537634408602,0.801075268817204,0.838709677419355,0.108231182795699,0.0940860215053763,0.123655913978495,372
Aru001,Ama018,Aru127,Aga001,0.0415860215053763,0.0376344086021505,0.0483870967741935,0.900102150537634,0.889784946236559,0.911290322580645,0.0583118279569892,0.0510752688172043,0.0672043010752688,372
Aru001,Ama018,Aru127,Adi003,0.0354139784946237,0.0295698924731183,0.043010752688172,0.906370967741935,0.895161290322581,0.916666666666667,0.0582150537634409,0.0510752688172043,0.0672043010752688,372
Aru001,Ape001,Adi003,Aga002,0.327209677419355,0.298387096774194,0.35752688172043,0.408069892473118,0.376344086021505,0.440860215053763,0.264720430107527,0.236559139784946,0.295698924731183,372
Aru001,Age001,Ama018,Adi002,0.215744623655914,0.190860215053763,0.241935483870968,0.587263440860215,0.556451612903226,0.618279569892473,0.196991935483871,0.172043010752688,0.223118279569892,372
Aru001,Ama018,Adi002,Aga002,0.343795698924731,0.314516129032258,0.373655913978495,0.406575268817204,0.373655913978495,0.440860215053763,0.249629032258065,0.220430107526882,0.279569892473118,372
Aru001,Age001,Ama018,Adi001,0.211755376344086,0.185483870967742,0.239247311827957,0.595077956989247,0.564516129032258,0.626344086021505,0.193163978494624,0.166666666666667,0.220430107526882,372
Aru001,Ama018,Ama006,Aru127,0.0142661290322581,0.010752688172043,0.0188172043010753,0.0167661290322581,0.0161290322580645,0.0188172043010753,0.968967741935484,0.96505376344086,0.973118279569892,372
Aru001,Ape001,Aza135,Adi003,0.0700591397849462,0.0564516129032258,0.0833333333333333,0.112833333333333,0.0994623655913978,0.129032258064516,0.817110215053763,0.798387096774194,0.836021505376344,372
Aru001,Ama018,Adi002,Aza135,0.0752688172043011,0.0618279569892473,0.0913978494623656,0.839185483870968,0.81989247311828,0.85752688172043,0.0855456989247312,0.0725806451612903,0.102150537634409,372
Aru001,Ama018,Aza135,Adi003,0.0747688172043011,0.0618279569892473,0.0887096774193548,0.0899516129032258,0.0752688172043011,0.10752688172043,0.835279569892473,0.814516129032258,0.854838709677419,372
Aru001,Ama018,Adi001,Aga001,0.343083333333333,0.314516129032258,0.373655913978495,0.397615591397849,0.365591397849462,0.43010752688172,0.259301075268817,0.231182795698925,0.290322580645161,372
Aru001,Ama018,Aza135,Aru127,0.0205456989247312,0.0161290322580645,0.0268817204301075,0.0367177419354839,0.0295698924731183,0.043010752688172,0.942736559139785,0.935483870967742,0.948924731182796,372
Aru001,Ama018,Aga001,Aga002,0.925645161290322,0.916666666666667,0.932795698924731,0.0351129032258065,0.0295698924731183,0.043010752688172,0.039241935483871,0.0349462365591398,0.0456989247311828,372
Aru001,Ape001,Adi001,Aga001,0.330123655913978,0.301075268817204,0.360215053763441,0.395537634408602,0.362903225806452,0.42741935483871,0.274338709677419,0.244623655913978,0.306451612903226,372
Aru001,Age001,Aza135,Aga001,0.399653225806452,0.368279569892473,0.432795698924731,0.347516129032258,0.317204301075269,0.379032258064516,0.25283064516129,0.223118279569892,0.28494623655914,372
Aru001,Ama018,Adi002,Aga001,0.347833333333333,0.317204301075269,0.379032258064516,0.40127688172043,0.370967741935484,0.432795698924731,0.250889784946237,0.223118279569892,0.282258064516129,372
Aru001,Ape001,Ama006,Aza135,0.334413978494624,0.303763440860215,0.368279569892473,0.236123655913978,0.206989247311828,0.266129032258065,0.429465053763441,0.395161290322581,0.46505376344086,372
Aru001,Ape001,Adi002,Aru127,0.0414435483870968,0.0349462365591398,0.0510752688172043,0.0655241935483871,0.0564516129032258,0.0752688172043011,0.893032258064516,0.881720430107527,0.903225806451613,372
Aru001,Age001,Adi002,Aga001,0.234158602150538,0.206989247311828,0.263440860215054,0.224424731182796,0.196236559139785,0.252688172043011,0.541413978494624,0.508064516129032,0.57258064516129,372
Aru001,Ape001,Ama006,Aga002,0.0586532258064516,0.0456989247311828,0.0725806451612903,0.119336021505376,0.104838709677419,0.137096774193548,0.822013440860215,0.801075268817204,0.841397849462366,372
Aru001,Ape001,Ama018,Adi003,0.0676102150537634,0.0564516129032258,0.0806451612903226,0.0923602150537634,0.0806451612903226,0.10752688172043,0.84002688172043,0.81989247311828,0.85752688172043,372
Aru001,Adi001,Adi002,Ama006,0.0179274193548387,0.0134408602150538,0.0241935483870968,0.0108118279569892,0.00806451612903226,0.0161290322580645,0.971260752688172,0.96505376344086,0.975806451612903,372
Aru001,Ape001,Ama018,Aru127,0.0278494623655914,0.021505376344086,0.0349462365591398,0.0291881720430108,0.0268817204301075,0.0349462365591398,0.942962365591398,0.935483870967742,0.948924731182796,372
Aru001,Ape001,Ama018,Aza135,0.328354838709677,0.298387096774194,0.35752688172043,0.255266129032258,0.228494623655914,0.28494623655914,0.416379032258064,0.387096774193548,0.446236559139785,372
Aru001,Ape001,Adi002,Aga001,0.329997311827957,0.301075268817204,0.360215053763441,0.40535752688172,0.373655913978495,0.438172043010753,0.264645161290323,0.236559139784946,0.295698924731183,372
Aru001,Ama018,Adi002,Aru127,0.0330241935483871,0.0268817204301075,0.0403225806451613,0.0683440860215054,0.0591397849462366,0.0779569892473118,0.898631720430108,0.887096774193548,0.908602150537634,372
Aru001,Age001,Aza135,Adi003,0.188583333333333,0.163978494623656,0.21505376344086,0.610900537634409,0.580645161290323,0.64247311827957,0.200513440860215,0.174731182795699,0.228494623655914,372
Aru001,Ape001,Aru127,Aga001,0.0445322580645161,0.0403225806451613,0.0510752688172043,0.904123655913978,0.89247311827957,0.913978494623656,0.0513413978494624,0.0456989247311828,0.0591397849462366,372
Aru001,Ama018,Aza135,Aga002,0.0968091397849462,0.0806451612903226,0.115591397849462,0.095260752688172,0.0806451612903226,0.112903225806452,0.807932795698925,0.78494623655914,0.827956989247312,372
Aru001,Age001,Adi002,Aru127,0.0461962365591398,0.0403225806451613,0.0537634408602151,0.0219381720430108,0.0161290322580645,0.0295698924731183,0.931868279569892,0.922043010752688,0.940860215053763,372
Aru001,Ama018,Aza135,Aga001,0.103435483870968,0.0860215053763441,0.123655913978495,0.0976827956989247,0.0833333333333333,0.115591397849462,0.798881720430108,0.776881720430108,0.81989247311828,372
Aru001,Age001,Adi001,Aga002,0.217475806451613,0.190860215053763,0.247311827956989,0.202959677419355,0.17741935483871,0.231182795698925,0.579567204301075,0.548387096774194,0.610215053763441,372
Aru001,Ama018,Adi002,Ama006,0.0365268817204301,0.0295698924731183,0.0456989247311828,0.921854838709677,0.911290322580645,0.932795698924731,0.0416182795698925,0.0349462365591398,0.0510752688172043,372
Aru001,Adi001,Adi002,Aru127,0.00875268817204301,0.00806451612903226,0.010752688172043,0.00854569892473118,0.00806451612903226,0.010752688172043,0.982701612903226,0.978494623655914,0.983870967741935,372
Aru001,Age001,Ape001,Aga002,0.413793010752688,0.381720430107527,0.446236559139785,0.331666666666667,0.301075268817204,0.362903225806452,0.254540322580645,0.225806451612903,0.28494623655914,372
Aru001,Age001,Adi003,Aga002,0.23141935483871,0.204301075268817,0.260752688172043,0.203096774193548,0.17741935483871,0.231182795698925,0.565483870967742,0.53494623655914,0.596774193548387,372
Aru001,Age001,Adi002,Aga002,0.221236559139785,0.193548387096774,0.25,0.213728494623656,0.188172043010753,0.241935483870968,0.565034946236559,0.532258064516129,0.596774193548387,372
Aru001,Ama018,Adi001,Aga002,0.341408602150538,0.311827956989247,0.373655913978495,0.404061827956989,0.370967741935484,0.438172043010753,0.25452688172043,0.225806451612903,0.28494623655914,372
Aru001,Age001,Ama006,Aga001,0.404198924731183,0.373655913978495,0.435483870967742,0.338336021505376,0.309139784946237,0.368279569892473,0.257465053763441,0.228494623655914,0.287634408602151,372
Aru001,Age001,Aza135,Aru127,0.0597258064516129,0.0537634408602151,0.0672043010752688,0.0529543010752688,0.0456989247311828,0.0618279569892473,0.887319892473118,0.876344086021505,0.897849462365591,372
Aru001,Ama018,Aru127,Aga002,0.0335940860215054,0.0295698924731183,0.0403225806451613,0.905655913978495,0.895161290322581,0.916666666666667,0.06075,0.0510752688172043,0.0698924731182796,372
Aru001,Ama018,Ama006,Aga002,0.0414408602150538,0.0349462365591398,0.0483870967741935,0.0481317204301075,0.0403225806451613,0.0564516129032258,0.910424731182796,0.897849462365591,0.919354838709677,372
Aru001,Ama018,Adi001,Ama006,0.0278655913978495,0.021505376344086,0.0349462365591398,0.924301075268817,0.913978494623656,0.935483870967742,0.0478333333333333,0.0403225806451613,0.0564516129032258,372
Aru001,Ape001,Ama018,Ama006,0.755134408602151,0.731182795698925,0.776881720430108,0.117637096774194,0.102150537634409,0.137096774193548,0.127228494623656,0.110215053763441,0.147849462365591,372
Aru001,Ape001,Aru127,Adi003,0.043239247311828,0.0349462365591398,0.0510752688172043,0.898545698924731,0.887096774193548,0.908602150537634,0.0582177419354839,0.0510752688172043,0.0672043010752688,372
Aru001,Age001,Adi001,Aru127,0.0414623655913978,0.0349462365591398,0.0510752688172043,0.0250403225806452,0.0188172043010753,0.032258064516129,0.933497311827957,0.924731182795699,0.940860215053763,372
Aru001,Ama018,Ama006,Aza135,0.117459677419355,0.102150537634409,0.134408602150538,0.109279569892473,0.0940860215053763,0.126344086021505,0.773258064516129,0.752688172043011,0.793010752688172,372
Aru001,Ape001,Adi002,Aga002,0.316884408602151,0.287634408602151,0.349462365591398,0.424465053763441,0.389784946236559,0.459677419354839,0.258650537634409,0.228494623655914,0.290322580645161,372
Aru001,Age001,Ama018,Aga001,0.424126344086022,0.39247311827957,0.456989247311828,0.336975806451613,0.306451612903226,0.368279569892473,0.238897849462366,0.209677419354839,0.268817204301075,372
Aru001,Ape001,Ama018,Adi001,0.0643682795698925,0.0510752688172043,0.0779569892473118,0.0841397849462366,0.0698924731182796,0.0994623655913978,0.851491935483871,0.833333333333333,0.868279569892473,372
Aru001,Age001,Adi002,Aza135,0.185970430107527,0.161290322580645,0.212365591397849,0.20710752688172,0.18010752688172,0.233870967741935,0.606924731182796,0.575268817204301,0.637096774193548,372
Aru001,Age001,Ama006,Aru127,0.0703145161290323,0.0618279569892473,0.0806451612903226,0.0287903225806452,0.021505376344086,0.0376344086021505,0.900897849462366,0.889784946236559,0.911290322580645,372
Aru001,Age001,Aru127,Adi003,0.0467903225806452,0.043010752688172,0.0537634408602151,0.928930107526882,0.919354838709677,0.935483870967742,0.0242822580645161,0.0188172043010753,0.0295698924731183,372
Aru001,Age001,Adi001,Aza135,0.183900537634409,0.158602150537634,0.212365591397849,0.199118279569892,0.174731182795699,0.225806451612903,0.616981182795699,0.586021505376344,0.647849462365591,372
Aru001,Age001,Adi003,Aga001,0.245314516129032,0.217741935483871,0.274193548387097,0.21297311827957,0.185483870967742,0.241935483870968,0.541712365591398,0.510752688172043,0.57258064516129,372
Aru001,Age001,Ama018,Adi003,0.225010752688172,0.198924731182796,0.252688172043011,0.586827956989247,0.556451612903226,0.618279569892473,0.188161290322581,0.163978494623656,0.21505376344086,372
Aru001,Ape001,Ama006,Adi003,0.0656532258064516,0.0537634408602151,0.0806451612903226,0.10025,0.0887096774193548,0.115591397849462,0.834096774193548,0.814516129032258,0.852150537634409,372
Aru001,Adi001,Adi002,Aza135,0.0039758064516129,0.00268817204301075,0.00806451612903226,0.00745161290322581,0.00537634408602151,0.0134408602150538,0.988572580645161,0.981182795698925,0.991935483870968,372
Aru001,Ape001,Ama006,Aga001,0.0659247311827957,0.0537634408602151,0.0806451612903226,0.113790322580645,0.0994623655913978,0.131720430107527,0.820287634408602,0.801075268817204,0.838709677419355,372
Aru001,Ama018,Adi003,Aga002,0.35305376344086,0.32258064516129,0.384408602150538,0.387940860215054,0.354838709677419,0.419354838709677,0.259005376344086,0.228494623655914,0.290322580645161,372
Aru001,Ape001,Adi002,Adi003,0.962091397849462,0.956989247311828,0.96505376344086,0.0245349462365591,0.021505376344086,0.0295698924731183,0.0133736559139785,0.010752688172043,0.0188172043010753,372
Aru001,Ape001,Aga001,Aga002,0.918887096774194,0.908602150537634,0.92741935483871,0.0483817204301075,0.0403225806451613,0.0564516129032258,0.0327311827956989,0.0268817204301075,0.0403225806451613,372
Aru001,Ape001,Adi002,Aza135,0.0736290322580645,0.0591397849462366,0.0887096774193548,0.821397849462366,0.801075268817204,0.838709677419355,0.10497311827957,0.0913978494623656,0.120967741935484,372
Aru001,Age001,Adi002,Adi003,0.950532258064516,0.946236559139785,0.954301075268817,0.026997311827957,0.0241935483870968,0.032258064516129,0.0224704301075269,0.0188172043010753,0.0268817204301075,372
Aru001,Ama018,Ama006,Aga001,0.035494623655914,0.0295698924731183,0.043010752688172,0.0550349462365591,0.0456989247311828,0.0645161290322581,0.909470430107527,0.897849462365591,0.919354838709677,372
Aru001,Age001,Ama006,Aga002,0.385368279569892,0.354838709677419,0.416666666666667,0.349115591397849,0.31989247311828,0.381720430107527,0.265513440860215,0.236559139784946,0.295698924731183,372
Aru001,Ape001,Aza135,Aru127,0.0170188172043011,0.0134408602150538,0.021505376344086,0.0318521505376344,0.0268817204301075,0.0376344086021505,0.951126344086022,0.943548387096774,0.956989247311828,372
Aru001,Ama018,Adi001,Aza135,0.0738709677419355,0.0618279569892473,0.0887096774193548,0.83977688172043,0.81989247311828,0.85752688172043,0.0863548387096774,0.0725806451612903,0.102150537634409,372
Aru001,Age001,Aga001,Aga002,0.901698924731183,0.89247311827957,0.911290322580645,0.0453978494623656,0.0376344086021505,0.0537634408602151,0.0529032258064516,0.0483870967741935,0.0618279569892473,372
Aru001,Ape001,Adi003,Aga001,0.329239247311828,0.301075268817204,0.360215053763441,0.396744623655914,0.365591397849462,0.43010752688172,0.274016129032258,0.244623655913978,0.303763440860215,372
Aru001,Age001,Ama006,Aza135,0.821293010752688,0.803763440860215,0.838709677419355,0.0952365591397849,0.0833333333333333,0.110215053763441,0.0834704301075269,0.0698924731182796,0.0994623655913978,372
Aru001,Ape001,Ama006,Aru127,0.018997311827957,0.0134408602150538,0.0241935483870968,0.0235752688172043,0.021505376344086,0.0295698924731183,0.957427419354839,0.948924731182796,0.96505376344086,372
Aru001,Age001,Adi001,Aga001,0.230112903225806,0.201612903225806,0.258064516129032,0.21308064516129,0.185483870967742,0.241935483870968,0.556806451612903,0.524193548387097,0.588709677419355,372
Aru001,Age001,Adi001,Ama006,0.205403225806452,0.18010752688172,0.233870967741935,0.203220430107527,0.17741935483871,0.231182795698925,0.591376344086021,0.561827956989247,0.620967741935484,372
Aru001,Ama018,Adi002,Adi003,0.974233870967742,0.970430107526882,0.975806451612903,0.0226505376344086,0.0188172043010753,0.0268817204301075,0.00311290322580645,0.00268817204301075,0.00537634408602151,372
Aru001,Ape001,Adi001,Adi003,0.967518817204301,0.962365591397849,0.970430107526882,0.0192204301075269,0.0188172043010753,0.021505376344086,0.013260752688172,0.010752688172043,0.0188172043010753,372
Aru001,Ama018,Adi001,Aru127,0.0350860215053763,0.0295698924731183,0.043010752688172,0.0617956989247312,0.0537634408602151,0.0698924731182796,0.903118279569892,0.89247311827957,0.913978494623656,372
Aru001,Ape001,Ama018,Adi002,0.0643198924731183,0.0510752688172043,0.0779569892473118,0.0886317204301075,0.0752688172043011,0.104838709677419,0.847048387096774,0.827956989247312,0.865591397849462,372
Aru001,Ape001,Ama018,Aga001,0.0798306451612903,0.0672043010752688,0.0940860215053763,0.110502688172043,0.0967741935483871,0.126344086021505,0.809666666666667,0.790322580645161,0.827956989247312,372
Aru001,Age001,Ama006,Adi003,0.227005376344086,0.201612903225806,0.255376344086022,0.578376344086022,0.548387096774194,0.60752688172043,0.194618279569892,0.169354838709677,0.220430107526882,372
Aru001,Ama018,Adi001,Adi002,0.973505376344086,0.967741935483871,0.975806451612903,0.0124731182795699,0.010752688172043,0.0161290322580645,0.0140215053763441,0.010752688172043,0.0188172043010753,372
Aru001,Ape001,Adi001,Aga002,0.320844086021505,0.290322580645161,0.352150537634409,0.412306451612903,0.379032258064516,0.446236559139785,0.266849462365591,0.236559139784946,0.298387096774194,372
Aru001,Ape001,Adi001,Adi002,0.973284946236559,0.967741935483871,0.978494623655914,0.0105994623655914,0.00806451612903226,0.0161290322580645,0.0161155913978495,0.010752688172043,0.021505376344086,372
Aru001,Adi002,Aru127,Aga002,0.0456962365591398,0.0376344086021505,0.0564516129032258,0.91564247311828,0.903225806451613,0.92741935483871,0.0386612903225806,0.0295698924731183,0.0483870967741935,372
Smi165,Aza037,Asu001,Adi002,0.225989247311828,0.201612903225806,0.25,0.162623655913979,0.139784946236559,0.185483870967742,0.611387096774194,0.583333333333333,0.639784946236559,372
Aru001,Aru127,Adi003,Aga002,0.923225806451613,0.911290322580645,0.932795698924731,0.0374086021505376,0.0295698924731183,0.0456989247311828,0.0393629032258065,0.0295698924731183,0.0483870967741935,372
Smi165,Aza037,Ama018,Adi002,0.0410779569892473,0.0349462365591398,0.0483870967741935,0.0362204301075269,0.0295698924731183,0.0456989247311828,0.922701612903226,0.911290322580645,0.932795698924731,372
Aru001,Adi001,Aga001,Aga002,0.916212365591398,0.905913978494624,0.924731182795699,0.0408870967741935,0.0349462365591398,0.0483870967741935,0.0429032258064516,0.0376344086021505,0.0510752688172043,372
Smi165,Aza037,Age001,Aru127,0.195510752688172,0.172043010752688,0.220430107526882,0.661376344086022,0.634408602150538,0.688172043010753,0.143110215053763,0.123655913978495,0.166666666666667,372
Aru001,Adi002,Aga001,Aga002,0.920029569892473,0.908602150537634,0.93010752688172,0.0339811827956989,0.0268817204301075,0.0403225806451613,0.045989247311828,0.0403225806451613,0.0537634408602151,372
Smi165,Aza037,Ama018,Aga002,0.0748817204301075,0.0645161290322581,0.0860215053763441,0.0611693548387097,0.0483870967741935,0.0752688172043011,0.863948924731183,0.849462365591398,0.879032258064516,372
Smi165,Aza037,Ape009,Aga001,0.0691478494623656,0.0564516129032258,0.0833333333333333,0.0579327956989247,0.043010752688172,0.0725806451612903,0.87291935483871,0.854838709677419,0.889784946236559,372
Aru001,Aru127,Aga001,Aga002,0.975032258064516,0.970430107526882,0.975806451612903,0.0111451612903226,0.010752688172043,0.0134408602150538,0.0138225806451613,0.0134408602150538,0.0161290322580645,372
Aru001,Aza135,Aru127,Aga001,0.0501532258064516,0.0456989247311828,0.0591397849462366,0.905389784946237,0.895161290322581,0.913978494623656,0.0444543010752688,0.0376344086021505,0.0537634408602151,372
Smi165,Aza037,Ape009,Adi003,0.0543198924731183,0.0483870967741935,0.0618279569892473,0.0445618279569893,0.0349462365591398,0.0564516129032258,0.901118279569893,0.887096774193548,0.913978494623656,372
Aru001,Adi001,Ama006,Adi003,0.0197043010752688,0.0188172043010753,0.0241935483870968,0.977322580645161,0.973118279569892,0.978494623655914,0.0029758064516129,0.00268817204301075,0.00537634408602151,372
Smi165,Aza037,Ape001,Aza135,0.192306451612903,0.169354838709677,0.217741935483871,0.393688172043011,0.365591397849462,0.422043010752688,0.414005376344086,0.384408602150538,0.443548387096774,372
Aru001,Adi002,Aza135,Aga001,0.39164247311828,0.360215053763441,0.424731182795699,0.359704301075269,0.327956989247312,0.39247311827957,0.248653225806452,0.220430107526882,0.279569892473118,372
Smi165,Aza037,Age001,Aga001,0.223865591397849,0.201612903225806,0.247311827956989,0.633204301075269,0.604838709677419,0.661290322580645,0.142930107526882,0.123655913978495,0.163978494623656,372
Smi165,Aza037,Ape009,Adi002,0.0513467741935484,0.043010752688172,0.0591397849462366,0.0490134408602151,0.0403225806451613,0.0591397849462366,0.899637096774194,0.887096774193548,0.911290322580645,372
Smi165,Aza037,Ape001,Aru127,0.0934677419354839,0.0806451612903226,0.10752688172043,0.0963790322580645,0.0860215053763441,0.110215053763441,0.810153225806452,0.793010752688172,0.827956989247312,372
Smi165,Aza037,Asu001,Ape001,0.113586021505376,0.0967741935483871,0.131720430107527,0.825760752688172,0.806451612903226,0.844086021505376,0.0606532258064516,0.0483870967741935,0.0752688172043011,372
Smi165,Aza037,Ape009,Aga002,0.0849274193548387,0.0725806451612903,0.0994623655913978,0.0526854838709677,0.0403225806451613,0.0672043010752688,0.862387096774194,0.844086021505376,0.879032258064516,372
Aru001,Adi002,Aza135,Adi003,0.0140672043010753,0.0134408602150538,0.0161290322580645,0.981862903225806,0.975806451612903,0.983870967741935,0.00406989247311828,0.00268817204301075,0.00806451612903226,372
Aru001,Adi001,Aza135,Aga001,0.382849462365591,0.352150537634409,0.413978494623656,0.366,0.336021505376344,0.397849462365591,0.251150537634409,0.223118279569892,0.282258064516129,372
Aru001,Adi001,Ama006,Aga002,0.386048387096774,0.354838709677419,0.419354838709677,0.350903225806452,0.31989247311828,0.381720430107527,0.263045698924731,0.233870967741935,0.293010752688172,372
Smi165,Aza037,Asu001,Adi003,0.235954301075269,0.212365591397849,0.260752688172043,0.14889247311828,0.126344086021505,0.172043010752688,0.615153225806452,0.586021505376344,0.64247311827957,372
Aru001,Adi001,Aru127,Aga001,0.0493172043010753,0.043010752688172,0.0564516129032258,0.907086021505376,0.895161290322581,0.916666666666667,0.0435994623655914,0.0349462365591398,0.0537634408602151,372
Smi165,Aza037,Ape001,Aga001,0.110596774193548,0.0940860215053763,0.129032258064516,0.0496344086021505,0.0376344086021505,0.0645161290322581,0.839766129032258,0.81989247311828,0.85752688172043,372
Smi165,Aza037,Ape009,Ape001,0.682483870967742,0.655913978494624,0.706989247311828,0.122322580645161,0.104838709677419,0.14247311827957,0.195193548387097,0.174731182795699,0.217741935483871,372
Aru001,Ama006,Adi003,Aga001,0.353478494623656,0.325268817204301,0.384408602150538,0.375182795698925,0.344086021505376,0.405913978494624,0.271338709677419,0.241935483870968,0.301075268817204,372
Smi165,Aza037,Ape001,Adi003,0.0747365591397849,0.0672043010752688,0.0833333333333333,0.0462876344086022,0.0376344086021505,0.0564516129032258,0.878975806451613,0.865591397849462,0.889784946236559,372
Aru001,Ama006,Aza135,Aru127,0.0145887096774194,0.0134408602150538,0.0188172043010753,0.0373413978494624,0.032258064516129,0.043010752688172,0.948072580645161,0.940860215053763,0.954301075268817,372
Smi165,Aza037,Asu001,Aga002,0.810451612903226,0.790322580645161,0.827956989247312,0.101244623655914,0.0887096774193548,0.115591397849462,0.0883037634408602,0.0752688172043011,0.104838709677419,372
Aru001,Aza135,Aru127,Aga002,0.0389784946236559,0.032258064516129,0.0456989247311828,0.916596774193548,0.905913978494624,0.924731182795699,0.0444220430107527,0.0376344086021505,0.0537634408602151,372
Smi165,Aza037,Ape009,Ama006,0.252094086021505,0.225806451612903,0.279569892473118,0.441064516129032,0.411290322580645,0.470430107526882,0.306841397849462,0.279569892473118,0.336021505376344,372
Aru001,Ama006,Aru127,Aga001,0.0448844086021505,0.0403225806451613,0.0510752688172043,0.900870967741936,0.889784946236559,0.911290322580645,0.054244623655914,0.0456989247311828,0.0645161290322581,372
Aru001,Aru127,Adi003,Aga001,0.914470430107527,0.903225806451613,0.924731182795699,0.0444865591397849,0.0376344086021505,0.0537634408602151,0.0410430107526882,0.032258064516129,0.0510752688172043,372
Smi165,Aza037,Ape009,Aza135,0.181395161290323,0.158602150537634,0.206989247311828,0.370798387096774,0.344086021505376,0.397849462365591,0.44780376344086,0.419354838709677,0.475806451612903,372
Aru001,Aza135,Adi003,Aga001,0.368333333333333,0.338709677419355,0.400537634408602,0.388559139784946,0.35752688172043,0.422043010752688,0.243110215053763,0.21505376344086,0.274193548387097,372
Smi165,Aza037,Asu001,Age001,0.202481182795699,0.18010752688172,0.228494623655914,0.140440860215054,0.120967741935484,0.163978494623656,0.65708064516129,0.629032258064516,0.685483870967742,372
Aru001,Adi002,Ama006,Adi003,0.0221827956989247,0.0188172043010753,0.0268817204301075,0.970376344086022,0.96505376344086,0.973118279569892,0.00743817204301075,0.00537634408602151,0.0134408602150538,372
Smi165,Aza037,Age001,Ape001,0.071991935483871,0.0618279569892473,0.0833333333333333,0.893661290322581,0.879032258064516,0.905913978494624,0.0343440860215054,0.0268817204301075,0.043010752688172,372
Aru001,Adi001,Aza135,Aru127,0.047997311827957,0.0403225806451613,0.0564516129032258,0.0509677419354839,0.043010752688172,0.0591397849462366,0.901034946236559,0.889784946236559,0.911290322580645,372
Smi165,Aza037,Age001,Aza135,0.0552849462365591,0.0456989247311828,0.0645161290322581,0.907639784946237,0.895161290322581,0.919354838709677,0.0370752688172043,0.0295698924731183,0.0456989247311828,372
Aru001,Ama006,Aga001,Aga002,0.926263440860215,0.916666666666667,0.932795698924731,0.0346075268817204,0.0295698924731183,0.0403225806451613,0.0391290322580645,0.032258064516129,0.0456989247311828,372
Aru001,Adi001,Ama006,Aga001,0.381626344086022,0.352150537634409,0.413978494623656,0.35341935483871,0.325268817204301,0.381720430107527,0.264954301075269,0.236559139784946,0.293010752688172,372
Aru001,Adi001,Aza135,Adi003,0.0112688172043011,0.010752688172043,0.0134408602150538,0.984561827956989,0.978494623655914,0.986559139784946,0.00416935483870968,0.00268817204301075,0.00806451612903226,372
Smi165,Aza037,Asu001,Aga001,0.811314516129032,0.793010752688172,0.827956989247312,0.0860430107526882,0.0752688172043011,0.0994623655913978,0.10264247311828,0.0887096774193548,0.118279569892473,372
Smi165,Aza037,Ape001,Ama006,0.22910752688172,0.204301075268817,0.255376344086022,0.488760752688172,0.459677419354839,0.518817204301075,0.282131720430108,0.255376344086022,0.311827956989247,372
Smi165,Aza037,Ape001,Ama018,0.233948924731183,0.206989247311828,0.260752688172043,0.493827956989247,0.462365591397849,0.524193548387097,0.27222311827957,0.244623655913978,0.301075268817204,372
Smi165,Aza037,Age001,Aga002,0.209626344086021,0.188172043010753,0.233870967741935,0.64789247311828,0.620967741935484,0.674731182795699,0.142483870967742,0.123655913978495,0.163978494623656,372
Aru001,Adi002,Ama006,Aga001,0.385782258064516,0.354838709677419,0.416666666666667,0.344037634408602,0.314516129032258,0.373655913978495,0.270177419354839,0.241935483870968,0.301075268817204,372
Smi165,Aza037,Age001,Adi003,0.305373655913979,0.276881720430108,0.336021505376344,0.383534946236559,0.354838709677419,0.413978494623656,0.311091397849462,0.282258064516129,0.341397849462366,372
Aru001,Adi002,Ama006,Aga002,0.389064516129032,0.35752688172043,0.422043010752688,0.338981182795699,0.309139784946237,0.368279569892473,0.271954301075269,0.241935483870968,0.301075268817204,372
Smi165,Aza037,Ama018,Aru127,0.0753924731182796,0.0645161290322581,0.0887096774193548,0.060497311827957,0.0483870967741935,0.0725806451612903,0.864110215053764,0.846774193548387,0.879032258064516,372
Aru001,Adi001,Adi002,Adi003,0.435798387096774,0.403225806451613,0.467741935483871,0.279381720430108,0.252688172043011,0.309139784946237,0.284819892473118,0.255376344086022,0.314516129032258,372
Smi165,Aza037,Asu001,Aza135,0.0970268817204301,0.0806451612903226,0.115591397849462,0.831059139784946,0.809139784946237,0.849462365591398,0.0719139784946237,0.0591397849462366,0.0860215053763441,372
Aru001,Ama006,Aru127,Adi003,0.0359220430107527,0.0295698924731183,0.043010752688172,0.909930107526882,0.897849462365591,0.919354838709677,0.0541478494623656,0.0456989247311828,0.0645161290322581,372
Smi165,Aza037,Ape009,Aru127,0.0679811827956989,0.0537634408602151,0.0833333333333333,0.0893064516129032,0.0752688172043011,0.104838709677419,0.842712365591398,0.82258064516129,0.860215053763441,372
Aru001,Adi002,Aza135,Aru127,0.051491935483871,0.043010752688172,0.0591397849462366,0.0513978494623656,0.043010752688172,0.0618279569892473,0.897110215053764,0.884408602150538,0.908602150537634,372
Smi165,Aza037,Asu001,Ama006,0.0720537634408602,0.0618279569892473,0.0833333333333333,0.855650537634409,0.838709677419355,0.870967741935484,0.0722956989247312,0.0591397849462366,0.0860215053763441,372
Smi165,Aza037,Ama018,Adi003,0.0411639784946237,0.0349462365591398,0.0483870967741935,0.0368521505376344,0.0295698924731183,0.0456989247311828,0.921983870967742,0.911290322580645,0.932795698924731,372
Aru001,Ama006,Aru127,Aga002,0.0369354838709677,0.032258064516129,0.0456989247311828,0.909338709677419,0.897849462365591,0.919354838709677,0.0537258064516129,0.0456989247311828,0.0618279569892473,372
Smi165,Aza037,Age001,Adi002,0.3005,0.274193548387097,0.327956989247312,0.395505376344086,0.365591397849462,0.424731182795699,0.303994623655914,0.276881720430108,0.333333333333333,372
Aru001,Ama006,Aza135,Aga001,0.102521505376344,0.0860215053763441,0.120967741935484,0.0876236559139785,0.0725806451612903,0.104838709677419,0.809854838709677,0.787634408602151,0.830645161290323,372
Smi165,Aza037,Ama018,Aga001,0.0718978494623656,0.0618279569892473,0.0833333333333333,0.051997311827957,0.0403225806451613,0.0645161290322581,0.876104838709677,0.860215053763441,0.889784946236559,372
Smi165,Aza037,Age001,Ama006,0.0284005376344086,0.0241935483870968,0.0349462365591398,0.926338709677419,0.916666666666667,0.935483870967742,0.045260752688172,0.0376344086021505,0.0537634408602151,372
Smi165,Aza037,Ape001,Adi002,0.074239247311828,0.0645161290322581,0.0833333333333333,0.0490241935483871,0.043010752688172,0.0591397849462366,0.876736559139785,0.865591397849462,0.887096774193548,372
Smi165,Aza037,Ape009,Asu001,0.0838521505376344,0.0698924731182796,0.0994623655913978,0.0532741935483871,0.0403225806451613,0.0672043010752688,0.862873655913978,0.844086021505376,0.881720430107527,372
Aru001,Adi002,Aza135,Aga002,0.40283064516129,0.370967741935484,0.435483870967742,0.350868279569892,0.31989247311828,0.384408602150538,0.246298387096774,0.217741935483871,0.276881720430108,372
Aru001,Adi002,Ama006,Aza135,0.846311827956989,0.827956989247312,0.862903225806452,0.0746559139784946,0.0618279569892473,0.0887096774193548,0.0790322580645161,0.0672043010752688,0.0940860215053763,372
Smi165,Aza037,Asu001,Adi001,0.240349462365591,0.217741935483871,0.266129032258065,0.156341397849462,0.134408602150538,0.17741935483871,0.603309139784946,0.575268817204301,0.631720430107527,372
Aru001,Adi001,Ama006,Aza135,0.844252688172043,0.825268817204301,0.862903225806452,0.0761451612903226,0.0645161290322581,0.0913978494623656,0.0796021505376344,0.0672043010752688,0.0940860215053763,372
Smi165,Aza037,Adi001,Ama006,0.0332204301075269,0.0268817204301075,0.0403225806451613,0.916459677419355,0.905913978494624,0.92741935483871,0.0503198924731183,0.0403225806451613,0.0591397849462366,372
Aru001,Adi001,Adi003,Aga001,0.0224381720430108,0.021505376344086,0.0268817204301075,0.0196505376344086,0.0134408602150538,0.0241935483870968,0.957911290322581,0.951612903225806,0.962365591397849,372
Smi165,Aza037,Age001,Adi001,0.325397849462366,0.298387096774194,0.354838709677419,0.372760752688172,0.344086021505376,0.403225806451613,0.301841397849462,0.274193548387097,0.330645161290323,372
Smi165,Aza037,Ape001,Aga002,0.113596774193548,0.0994623655913978,0.129032258064516,0.0577715053763441,0.0456989247311828,0.0725806451612903,0.828631720430107,0.809139784946237,0.846774193548387,372
Aru001,Adi001,Ama006,Aru127,0.0555188172043011,0.0483870967741935,0.0645161290322581,0.0361505376344086,0.0295698924731183,0.043010752688172,0.90833064516129,0.897849462365591,0.919354838709677,372
Aru001,Adi001,Aza135,Aga002,0.391706989247312,0.360215053763441,0.424731182795699,0.358413978494624,0.327956989247312,0.389784946236559,0.249879032258065,0.220430107526882,0.279569892473118,372
Aru001,Adi002,Aru127,Adi003,0.0165779569892473,0.0161290322580645,0.0188172043010753,0.977577956989247,0.973118279569892,0.978494623655914,0.00584408602150538,0.00537634408602151,0.00806451612903226,372
Aru001,Aza135,Aru127,Adi003,0.0546209677419355,0.0456989247311828,0.0645161290322581,0.900344086021505,0.889784946236559,0.911290322580645,0.0450349462365591,0.0376344086021505,0.0537634408602151,372
Aru001,Aza135,Aga001,Aga002,0.922400537634409,0.913978494623656,0.93010752688172,0.0357956989247312,0.0295698924731183,0.043010752688172,0.0418037634408602,0.0349462365591398,0.0483870967741935,372
Aru001,Adi001,Adi003,Aga002,0.0255161290322581,0.021505376344086,0.0295698924731183,0.0123924731182796,0.010752688172043,0.0161290322580645,0.962091397849462,0.956989247311828,0.96505376344086,372
Smi165,Aza037,Ama018,Adi001,0.0440967741935484,0.0376344086021505,0.0510752688172043,0.0348091397849462,0.0268817204301075,0.043010752688172,0.921094086021505,0.911290322580645,0.93010752688172,372
Aru001,Ama006,Aza135,Aga002,0.0934435483870968,0.0779569892473118,0.112903225806452,0.0885806451612903,0.0752688172043011,0.104838709677419,0.817978494623656,0.795698924731183,0.838709677419355,372
Smi165,Aza037,Ape001,Adi001,0.0740806451612903,0.0645161290322581,0.0833333333333333,0.0499435483870968,0.043010752688172,0.0591397849462366,0.875975806451613,0.862903225806452,0.887096774193548,372
Aru001,Adi002,Adi003,Aga001,0.0277231182795699,0.0268817204301075,0.032258064516129,0.0130940860215054,0.010752688172043,0.0161290322580645,0.959182795698925,0.954301075268817,0.962365591397849,372
Aru001,Aza135,Adi003,Aga002,0.368268817204301,0.336021505376344,0.400537634408602,0.391403225806452,0.360215053763441,0.424731182795699,0.240327956989247,0.212365591397849,0.271505376344086,372
Aru001,Adi002,Ama006,Aru127,0.0578064516129032,0.0510752688172043,0.0672043010752688,0.0307177419354839,0.0241935483870968,0.0376344086021505,0.911478494623656,0.900537634408602,0.922043010752688,372
Aru001,Adi002,Adi003,Aga002,0.0269838709677419,0.0241935483870968,0.032258064516129,0.0103763440860215,0.00806451612903226,0.0134408602150538,0.962637096774194,0.956989247311828,0.96505376344086,372
Smi165,Aza037,Ape009,Adi001,0.0542903225806452,0.0483870967741935,0.0618279569892473,0.0475241935483871,0.0376344086021505,0.0591397849462366,0.898185483870968,0.884408602150538,0.911290322580645,372
Aru001,Adi001,Aru127,Aga002,0.0404784946236559,0.032258064516129,0.0483870967741935,0.925102150537634,0.913978494623656,0.935483870967742,0.0344220430107527,0.0268817204301075,0.043010752688172,372
Smi165,Aza037,Age001,Ama018,0.0384543010752688,0.032258064516129,0.0456989247311828,0.926948924731183,0.916666666666667,0.935483870967742,0.0345994623655914,0.0295698924731183,0.043010752688172,372
Aru001,Ama006,Aza135,Adi003,0.0736478494623656,0.0618279569892473,0.0887096774193548,0.0832338709677419,0.0698924731182796,0.0994623655913978,0.843118279569892,0.82258064516129,0.860215053763441,372
Smi165,Aza037,Adi001,Adi002,0.95044623655914,0.943548387096774,0.956989247311828,0.0361370967741936,0.0295698924731183,0.043010752688172,0.0134166666666667,0.010752688172043,0.0188172043010753,372
Smi165,Aza037,Ape009,Age001,0.0454704301075269,0.0376344086021505,0.0537634408602151,0.0396989247311828,0.032258064516129,0.0510752688172043,0.91483064516129,0.903225806451613,0.924731182795699,372
Smi165,Aza037,Asu001,Aru127,0.263354838709677,0.233870967741935,0.293010752688172,0.33835752688172,0.309139784946237,0.368279569892473,0.398287634408602,0.365591397849462,0.43010752688172,372
Aru001,Ama006,Adi003,Aga002,0.354572580645161,0.325268817204301,0.384408602150538,0.377548387096774,0.346774193548387,0.408602150537634,0.267879032258065,0.239247311827957,0.298387096774194,372
Smi165,Aza037,Ape009,Ama018,0.249704301075269,0.223118279569892,0.276881720430108,0.447354838709677,0.419354838709677,0.478494623655914,0.302940860215054,0.276881720430108,0.330645161290323,372
Smi165,Aza037,Asu001,Ama018,0.0717903225806452,0.0618279569892473,0.0833333333333333,0.87058064516129,0.854838709677419,0.884408602150538,0.0576290322580645,0.0456989247311828,0.0725806451612903,372
Aru001,Adi003,Aga001,Aga002,0.91644623655914,0.905913978494624,0.924731182795699,0.0338870967741935,0.0268817204301075,0.0403225806451613,0.0496693548387097,0.043010752688172,0.0591397849462366,372
Aru001,Adi002,Aru127,Aga001,0.0552177419354839,0.0483870967741935,0.0645161290322581,0.901129032258065,0.889784946236559,0.911290322580645,0.0436505376344086,0.0349462365591398,0.0537634408602151,372
Aru001,Adi001,Aru127,Adi003,0.0136102150537634,0.0134408602150538,0.0161290322580645,0.980768817204301,0.978494623655914,0.981182795698925,0.00562096774193548,0.00537634408602151,0.00806451612903226,372
Smi165,Aza037,Ama006,Adi003,0.0333145161290323,0.0268817204301075,0.0403225806451613,0.0471639784946237,0.0376344086021505,0.0564516129032258,0.919518817204301,0.908602150537634,0.93010752688172,372
Smi165,Ape009,Aza135,Aga001,0.098758064516129,0.0806451612903226,0.118279569892473,0.0843279569892473,0.0698924731182796,0.0994623655913978,0.816911290322581,0.795698924731183,0.838709677419355,372
Smi165,Ape009,Ape001,Adi003,0.0544731182795699,0.0483870967741935,0.0618279569892473,0.0355134408602151,0.032258064516129,0.0403225806451613,0.910013440860215,0.900537634408602,0.919354838709677,372
Smi165,Asu001,Age001,Aga001,0.0948145161290323,0.0833333333333333,0.10752688172043,0.842432795698925,0.827956989247312,0.854838709677419,0.062752688172043,0.0537634408602151,0.0725806451612903,372
Smi165,Asu001,Age001,Ape001,0.150153225806452,0.129032258064516,0.172043010752688,0.686064516129032,0.655913978494624,0.71505376344086,0.163782258064516,0.139784946236559,0.188172043010753,372
Smi165,Ape009,Asu001,Ama006,0.071505376344086,0.0591397849462366,0.0860215053763441,0.83430376344086,0.814516129032258,0.852150537634409,0.0941908602150538,0.0806451612903226,0.110215053763441,372
Smi165,Aza037,Aza135,Aga002,0.0975510752688172,0.0806451612903226,0.115591397849462,0.0653844086021505,0.0537634408602151,0.0779569892473118,0.837067204301075,0.817204301075269,0.854838709677419,372
Smi165,Ape009,Asu001,Ama018,0.0769650537634409,0.0645161290322581,0.0913978494623656,0.839061827956989,0.81989247311828,0.85752688172043,0.0839731182795699,0.0698924731182796,0.0994623655913978,372
Smi165,Asu001,Age001,Aga002,0.0785510752688172,0.0698924731182796,0.0887096774193548,0.848483870967742,0.833333333333333,0.862903225806452,0.0729650537634409,0.0618279569892473,0.0860215053763441,372
Smi165,Ape009,Adi003,Aga002,0.217411290322581,0.193548387096774,0.241935483870968,0.62444623655914,0.596774193548387,0.653225806451613,0.15814247311828,0.137096774193548,0.18010752688172,372
Smi165,Ape009,Ape001,Aga001,0.0647983870967742,0.0537634408602151,0.0779569892473118,0.0211263440860215,0.0188172043010753,0.0268817204301075,0.914075268817204,0.900537634408602,0.92741935483871,372
Smi165,Aza037,Adi001,Aga001,0.252379032258065,0.228494623655914,0.276881720430108,0.577540322580645,0.551075268817204,0.604838709677419,0.170083333333333,0.150537634408602,0.190860215053763,372
Smi165,Aza037,Adi003,Aga001,0.237013440860215,0.21505376344086,0.260752688172043,0.594844086021505,0.567204301075269,0.620967741935484,0.168139784946237,0.147849462365591,0.190860215053763,372
Smi165,Ape009,Ape001,Aza135,0.108298387096774,0.0940860215053763,0.123655913978495,0.125072580645161,0.110215053763441,0.14247311827957,0.766629032258064,0.747311827956989,0.78494623655914,372
Smi165,Ape009,Ama018,Adi001,0.0588413978494624,0.0483870967741935,0.0698924731182796,0.0550456989247312,0.0456989247311828,0.0645161290322581,0.886112903225806,0.873655913978495,0.897849462365591,372
Smi165,Ape009,Asu001,Adi003,0.226448924731183,0.201612903225806,0.252688172043011,0.153940860215054,0.131720430107527,0.17741935483871,0.619610215053763,0.591397849462366,0.647849462365591,372
Smi165,Ape009,Adi002,Aru127,0.247916666666667,0.225806451612903,0.271505376344086,0.562682795698925,0.53494623655914,0.591397849462366,0.189403225806452,0.166666666666667,0.212365591397849,372
Smi165,Aza037,Aza135,Aru127,0.0829596774193548,0.0698924731182796,0.0967741935483871,0.0898145161290323,0.0779569892473118,0.104838709677419,0.827225806451613,0.809139784946237,0.844086021505376,372
Smi165,Ape009,Adi001,Ama006,0.0505994623655914,0.0403225806451613,0.0618279569892473,0.880088709677419,0.865591397849462,0.89247311827957,0.0693118279569892,0.0591397849462366,0.0806451612903226,372
Smi165,Ape009,Ama018,Aga001,0.0866478494623656,0.0752688172043011,0.0994623655913978,0.0707069892473118,0.0591397849462366,0.0833333333333333,0.842645161290323,0.825268817204301,0.860215053763441,372
Smi165,Aza037,Aru127,Aga001,0.28422311827957,0.255376344086022,0.314516129032258,0.373177419354839,0.341397849462366,0.405913978494624,0.342599462365591,0.314516129032258,0.373655913978495,372
Smi165,Aza037,Adi001,Aru127,0.245096774193548,0.220430107526882,0.271505376344086,0.593225806451613,0.564516129032258,0.623655913978495,0.161677419354839,0.137096774193548,0.185483870967742,372
Smi165,Aza037,Adi002,Aru127,0.244465053763441,0.220430107526882,0.268817204301075,0.589247311827957,0.559139784946237,0.618279569892473,0.166290322580645,0.14247311827957,0.190860215053763,372
Smi165,Asu001,Age001,Ama018,0.125698924731183,0.104838709677419,0.147849462365591,0.677698924731183,0.650537634408602,0.704301075268817,0.196602150537634,0.172043010752688,0.220430107526882,372
Smi165,Ape009,Aza135,Aru127,0.109204301075269,0.0940860215053763,0.126344086021505,0.0828198924731183,0.0698924731182796,0.0994623655913978,0.807975806451613,0.787634408602151,0.827956989247312,372
Smi165,Ape009,Adi001,Aga001,0.252879032258065,0.228494623655914,0.276881720430108,0.574247311827957,0.545698924731183,0.602150537634409,0.172873655913978,0.153225806451613,0.193548387096774,372
Smi165,Ape009,Age001,Aga002,0.193408602150538,0.169354838709677,0.217741935483871,0.668438172043011,0.64247311827957,0.696236559139785,0.138153225806452,0.118279569892473,0.158602150537634,372
Smi165,Asu001,Age001,Adi001,0.280440860215054,0.255376344086022,0.306451612903226,0.412411290322581,0.381720430107527,0.443548387096774,0.307147849462366,0.279569892473118,0.336021505376344,372
Smi165,Ape009,Ape001,Aru127,0.0669139784946237,0.0591397849462366,0.0779569892473118,0.0396021505376344,0.032258064516129,0.0483870967741935,0.893483870967742,0.881720430107527,0.903225806451613,372
Smi165,Aza037,Aza135,Adi003,0.0497123655913978,0.0403225806451613,0.0591397849462366,0.0574489247311828,0.0483870967741935,0.0672043010752688,0.892838709677419,0.879032258064516,0.905913978494624,372
Smi165,Ape009,Ama018,Aru127,0.109494623655914,0.0967741935483871,0.123655913978495,0.0562930107526882,0.043010752688172,0.0698924731182796,0.834209677419355,0.814516129032258,0.852150537634409,372
Smi165,Ape009,Adi003,Aga001,0.237916666666667,0.212365591397849,0.263440860215054,0.587688172043011,0.559139784946237,0.615591397849462,0.174397849462366,0.155913978494624,0.196236559139785,372
Smi165,Ape009,Age001,Adi003,0.290637096774194,0.263440860215054,0.31989247311828,0.397521505376344,0.368279569892473,0.42741935483871,0.311844086021505,0.282258064516129,0.341397849462366,372
Smi165,Asu001,Age001,Adi002,0.265059139784946,0.239247311827957,0.290322580645161,0.427852150537634,0.397849462365591,0.456989247311828,0.307088709677419,0.279569892473118,0.336021505376344,372
Smi165,Ape009,Ama006,Adi003,0.0495188172043011,0.0403225806451613,0.0618279569892473,0.0662688172043011,0.0564516129032258,0.0752688172043011,0.884209677419355,0.870967741935484,0.897849462365591,372
Smi165,Ape009,Age001,Adi001,0.312782258064516,0.28494623655914,0.341397849462366,0.388518817204301,0.360215053763441,0.416666666666667,0.298698924731183,0.271505376344086,0.327956989247312,372
Smi165,Ape009,Asu001,Adi002,0.223674731182796,0.198924731182796,0.25,0.162704301075269,0.14247311827957,0.185483870967742,0.613620967741935,0.586021505376344,0.64247311827957,372
Smi165,Ape009,Ape001,Ama018,0.123604838709677,0.10752688172043,0.14247311827957,0.198225806451613,0.17741935483871,0.220430107526882,0.67816935483871,0.653225806451613,0.701612903225806,372
Smi165,Ape009,Age001,Aru127,0.195916666666667,0.172043010752688,0.220430107526882,0.64908064516129,0.620967741935484,0.674731182795699,0.155002688172043,0.134408602150538,0.17741935483871,372
Smi165,Aza037,Aru127,Adi003,0.230268817204301,0.206989247311828,0.255376344086022,0.170798387096774,0.147849462365591,0.196236559139785,0.598930107526882,0.56989247311828,0.629032258064516,372
Smi165,Ape009,Ape001,Ama006,0.114360215053763,0.0967741935483871,0.134408602150538,0.20058064516129,0.17741935483871,0.223118279569892,0.685056451612903,0.658602150537634,0.709677419354839,372
Smi165,Ape009,Adi001,Aga002,0.22430376344086,0.201612903225806,0.25,0.61441935483871,0.586021505376344,0.64247311827957,0.16127688172043,0.139784946236559,0.182795698924731,372
Smi165,Aza037,Ama018,Aza135,0.196233870967742,0.172043010752688,0.223118279569892,0.30519623655914,0.276881720430108,0.333333333333333,0.498567204301075,0.467741935483871,0.529569892473118,372
Smi165,Ape009,Ama018,Aga002,0.078260752688172,0.0672043010752688,0.0913978494623656,0.0871290322580645,0.0752688172043011,0.0994623655913978,0.834610215053764,0.817204301075269,0.849462365591398,372
Smi165,Ape009,Ama006,Aru127,0.105868279569892,0.0913978494623656,0.120967741935484,0.0725564516129032,0.0591397849462366,0.0860215053763441,0.821572580645161,0.801075268817204,0.838709677419355,372
Smi165,Ape009,Ama018,Adi002,0.0586693548387097,0.0483870967741935,0.0698924731182796,0.0549086021505376,0.0456989247311828,0.0645161290322581,0.88641935483871,0.873655913978495,0.897849462365591,372
Smi165,Asu001,Age001,Ama006,0.119198924731183,0.0994623655913978,0.139784946236559,0.668252688172043,0.639784946236559,0.696236559139785,0.212548387096774,0.188172043010753,0.236559139784946,372
Smi165,Ape009,Ama006,Aga002,0.0697849462365591,0.0591397849462366,0.0833333333333333,0.103836021505376,0.0913978494623656,0.118279569892473,0.826379032258065,0.809139784946237,0.844086021505376,372
Smi165,Ape009,Adi001,Adi003,0.939728494623656,0.93010752688172,0.948924731182796,0.0295537634408602,0.0241935483870968,0.0349462365591398,0.0307177419354839,0.0241935483870968,0.0403225806451613,372
Smi165,Ape009,Ama018,Ama006,0.719720430107527,0.693548387096774,0.744623655913978,0.129505376344086,0.110215053763441,0.150537634408602,0.150774193548387,0.131720430107527,0.172043010752688,372
Smi165,Ape009,Ape001,Adi002,0.0535833333333333,0.0456989247311828,0.0618279569892473,0.0326854838709677,0.0295698924731183,0.0376344086021505,0.913731182795699,0.903225806451613,0.922043010752688,372
Smi165,Aza037,Ama006,Aru127,0.0737150537634409,0.0645161290322581,0.0860215053763441,0.0752231182795699,0.0645161290322581,0.0860215053763441,0.851064516129032,0.836021505376344,0.865591397849462,372
Smi165,Ape009,Asu001,Aza135,0.0956962365591398,0.0779569892473118,0.112903225806452,0.803126344086021,0.779569892473118,0.825268817204301,0.101180107526882,0.0860215053763441,0.118279569892473,372
Smi165,Ape009,Adi002,Aza135,0.0621908602150538,0.0510752688172043,0.0725806451612903,0.87152688172043,0.85752688172043,0.884408602150538,0.0662822580645161,0.0564516129032258,0.0752688172043011,372
Smi165,Ape009,Ama006,Aza135,0.32385752688172,0.295698924731183,0.352150537634409,0.232147849462366,0.204301075268817,0.260752688172043,0.443994623655914,0.413978494623656,0.475806451612903,372
Smi165,Ape009,Asu001,Aga002,0.805534946236559,0.78494623655914,0.825268817204301,0.101720430107527,0.0887096774193548,0.118279569892473,0.092744623655914,0.0779569892473118,0.110215053763441,372
Smi165,Ape009,Age001,Ama006,0.0380295698924731,0.032258064516129,0.0456989247311828,0.904147849462366,0.89247311827957,0.913978494623656,0.0578225806451613,0.0510752688172043,0.0672043010752688,372
Smi165,Ape009,Adi001,Aru127,0.246991935483871,0.223118279569892,0.271505376344086,0.561551075268817,0.53494623655914,0.588709677419355,0.191456989247312,0.169354838709677,0.21505376344086,372
Smi165,Ape009,Ama006,Aga001,0.0725833333333333,0.0618279569892473,0.0860215053763441,0.0880241935483871,0.0752688172043011,0.102150537634409,0.83939247311828,0.81989247311828,0.85752688172043,372
Smi165,Aza037,Ama018,Ama006,0.636241935483871,0.610215053763441,0.661290322580645,0.169370967741935,0.150537634408602,0.190860215053763,0.194387096774194,0.174731182795699,0.217741935483871,372
Smi165,Aza037,Aru127,Aga002,0.285717741935484,0.258064516129032,0.317204301075269,0.375206989247312,0.344086021505376,0.405913978494624,0.339075268817204,0.309139784946237,0.368279569892473,372
Smi165,Ape009,Asu001,Aru127,0.261545698924731,0.233870967741935,0.290322580645161,0.320819892473118,0.290322580645161,0.352150537634409,0.417637096774194,0.384408602150538,0.448924731182796,372
Smi165,Aza037,Adi002,Aga002,0.23330376344086,0.209677419354839,0.258064516129032,0.608430107526882,0.580645161290323,0.637096774193548,0.158266129032258,0.137096774193548,0.18010752688172,372
Smi165,Aza037,Ama006,Aga001,0.0648682795698925,0.0537634408602151,0.0779569892473118,0.0689758064516129,0.0564516129032258,0.0833333333333333,0.866155913978495,0.849462365591398,0.881720430107527,372
Smi165,Ape009,Asu001,Adi001,0.235290322580645,0.212365591397849,0.260752688172043,0.158661290322581,0.137096774193548,0.18010752688172,0.606048387096774,0.577956989247312,0.634408602150538,372
Smi165,Ape009,Age001,Aza135,0.0596989247311828,0.0510752688172043,0.0698924731182796,0.892650537634408,0.879032258064516,0.905913978494624,0.0476505376344086,0.0403225806451613,0.0591397849462366,372
Smi165,Aza037,Adi002,Adi003,0.946381720430107,0.938172043010753,0.954301075268817,0.0168252688172043,0.0134408602150538,0.021505376344086,0.0367930107526882,0.0295698924731183,0.0456989247311828,372
Smi165,Ape009,Ama018,Aza135,0.31055376344086,0.282258064516129,0.338709677419355,0.223951612903226,0.198924731182796,0.252688172043011,0.465494623655914,0.435483870967742,0.497311827956989,372
Smi165,Aza037,Ama006,Aza135,0.212145161290323,0.188172043010753,0.239247311827957,0.307051075268817,0.279569892473118,0.336021505376344,0.480806451612903,0.451612903225806,0.510752688172043,372
Smi165,Ape009,Adi002,Aga002,0.22339247311828,0.198924731182796,0.25,0.618647849462366,0.591397849462366,0.645161290322581,0.157962365591398,0.137096774193548,0.18010752688172,372
Smi165,Ape009,Asu001,Aga001,0.810822580645161,0.793010752688172,0.827956989247312,0.0761559139784946,0.0645161290322581,0.0887096774193548,0.113021505376344,0.0994623655913978,0.129032258064516,372
Smi165,Ape009,Ama018,Adi003,0.0538010752688172,0.0456989247311828,0.0645161290322581,0.0579462365591398,0.0483870967741935,0.0672043010752688,0.888252688172043,0.876344086021505,0.900537634408602,372
Smi165,Aza037,Adi003,Aga002,0.226475806451613,0.204301075268817,0.25,0.617287634408602,0.588709677419355,0.645161290322581,0.156236559139785,0.134408602150538,0.17741935483871,372
Smi165,Ape009,Asu001,Ape001,0.0571505376344086,0.0456989247311828,0.0698924731182796,0.904881720430108,0.889784946236559,0.916666666666667,0.0379677419354839,0.032258064516129,0.0456989247311828,372
Smi165,Aza037,Adi001,Adi003,0.94335752688172,0.932795698924731,0.951612903225806,0.0296155913978495,0.0241935483870968,0.0349462365591398,0.0270268817204301,0.021505376344086,0.0349462365591398,372
Smi165,Ape009,Adi001,Aza135,0.059244623655914,0.0483870967741935,0.0698924731182796,0.873486559139785,0.860215053763441,0.887096774193548,0.0672715053763441,0.0591397849462366,0.0779569892473118,372
Smi165,Ape009,Aru127,Aga002,0.283206989247312,0.255376344086022,0.314516129032258,0.39625,0.365591397849462,0.42741935483871,0.320543010752688,0.293010752688172,0.349462365591398,372
Smi165,Ape009,Asu001,Age001,0.187940860215054,0.163978494623656,0.212365591397849,0.131736559139785,0.112903225806452,0.153225806451613,0.680325268817204,0.650537634408602,0.706989247311828,372
Smi165,Ape009,Age001,Ape001,0.0546505376344086,0.0483870967741935,0.0618279569892473,0.924768817204301,0.916666666666667,0.932795698924731,0.0205806451612903,0.0161290322580645,0.0268817204301075,372
Smi165,Ape009,Aru127,Aga001,0.291801075268817,0.263440860215054,0.32258064516129,0.376247311827957,0.346774193548387,0.408602150537634,0.331954301075269,0.303763440860215,0.362903225806452,372
Smi165,Aza037,Adi002,Ama006,0.0338951612903226,0.0268817204301075,0.0403225806451613,0.915352150537635,0.903225806451613,0.92741935483871,0.05075,0.0403225806451613,0.0618279569892473,372
Smi165,Ape009,Adi001,Adi002,0.954572580645161,0.946236559139785,0.962365591397849,0.0318924731182796,0.0268817204301075,0.0403225806451613,0.0135349462365591,0.010752688172043,0.0188172043010753,372
Smi165,Aza037,Aza135,Aga001,0.0934704301075269,0.0779569892473118,0.110215053763441,0.0585510752688172,0.0483870967741935,0.0725806451612903,0.847975806451613,0.827956989247312,0.865591397849462,372
Smi165,Ape009,Aru127,Adi003,0.23341935483871,0.209677419354839,0.258064516129032,0.196341397849462,0.172043010752688,0.220430107526882,0.570239247311828,0.543010752688172,0.599462365591398,372
Smi165,Aza037,Adi002,Aga001,0.240139784946237,0.217741935483871,0.263440860215054,0.579911290322581,0.553763440860215,0.60752688172043,0.179948924731183,0.158602150537634,0.201612903225806,372
Smi165,Aza037,Ama006,Aga002,0.070489247311828,0.0591397849462366,0.0833333333333333,0.0728870967741936,0.0591397849462366,0.0860215053763441,0.856623655913978,0.841397849462366,0.873655913978495,372
Smi165,Ape009,Adi002,Aga001,0.24077688172043,0.217741935483871,0.266129032258065,0.58172311827957,0.553763440860215,0.60752688172043,0.1775,0.158602150537634,0.198924731182796,372
Smi165,Ape009,Aza135,Aga002,0.0877096774193548,0.0698924731182796,0.10752688172043,0.105478494623656,0.0913978494623656,0.120967741935484,0.806811827956989,0.78494623655914,0.827956989247312,372
Smi165,Ape009,Aza135,Adi003,0.0464274193548387,0.0376344086021505,0.0564516129032258,0.0753198924731183,0.0645161290322581,0.0860215053763441,0.878252688172043,0.862903225806452,0.89247311827957,372
Smi165,Ape009,Ape001,Adi001,0.0504677419354839,0.043010752688172,0.0591397849462366,0.0350564516129032,0.032258064516129,0.0403225806451613,0.914475806451613,0.905913978494624,0.922043010752688,372
Smi165,Ape009,Adi002,Adi003,0.947626344086022,0.938172043010753,0.954301075268817,0.01975,0.0161290322580645,0.0241935483870968,0.0326209677419355,0.0268817204301075,0.0403225806451613,372
Smi165,Ape009,Aga001,Aga002,0.909795698924731,0.900537634408602,0.919354838709677,0.0696532258064516,0.0645161290322581,0.0779569892473118,0.0205510752688172,0.0161290322580645,0.0268817204301075,372
Smi165,Ape009,Age001,Ama018,0.0495940860215054,0.0403225806451613,0.0591397849462366,0.905352150537634,0.89247311827957,0.916666666666667,0.0450537634408602,0.0376344086021505,0.0537634408602151,372
Smi165,Ape009,Age001,Aga001,0.219454301075269,0.196236559139785,0.244623655913978,0.632349462365591,0.604838709677419,0.658602150537634,0.14819623655914,0.129032258064516,0.169354838709677,372
Smi165,Aza037,Adi002,Aza135,0.0582930107526882,0.0483870967741935,0.0698924731182796,0.883193548387097,0.868279569892473,0.895161290322581,0.0585161290322581,0.0483870967741935,0.0698924731182796,372
Smi165,Aza037,Aga001,Aga002,0.919448924731183,0.911290322580645,0.92741935483871,0.0545483870967742,0.0483870967741935,0.0618279569892473,0.026002688172043,0.021505376344086,0.032258064516129,372
Smi165,Ape009,Ape001,Aga002,0.0603521505376344,0.0510752688172043,0.0725806451612903,0.0354516129032258,0.0295698924731183,0.043010752688172,0.90419623655914,0.889784946236559,0.916666666666667,372
Smi165,Ape009,Age001,Adi002,0.291037634408602,0.263440860215054,0.31989247311828,0.40764247311828,0.379032258064516,0.438172043010753,0.301319892473118,0.274193548387097,0.330645161290323,372
Smi165,Ape009,Adi002,Ama006,0.0524408602150538,0.043010752688172,0.0645161290322581,0.879486559139785,0.865591397849462,0.89247311827957,0.0680752688172043,0.0591397849462366,0.0779569892473118,372
Smi165,Aza037,Adi001,Aza135,0.0623064516129032,0.0537634408602151,0.0725806451612903,0.882220430107527,0.868279569892473,0.895161290322581,0.0554758064516129,0.0456989247311828,0.0645161290322581,372
Smi165,Aza037,Adi001,Aga002,0.237825268817204,0.21505376344086,0.263440860215054,0.604373655913979,0.577956989247312,0.631720430107527,0.157801075268817,0.137096774193548,0.18010752688172,372
Smi165,Asu001,Adi002,Aga002,0.0761182795698925,0.0645161290322581,0.0887096774193548,0.854491935483871,0.838709677419355,0.870967741935484,0.0693897849462366,0.0591397849462366,0.0806451612903226,372
Smi165,Ape001,Ama018,Adi003,0.0525564516129032,0.0456989247311828,0.0618279569892473,0.0796021505376344,0.0698924731182796,0.0913978494623656,0.867838709677419,0.854838709677419,0.881720430107527,372
Smi165,Asu001,Ape001,Aza135,0.770387096774194,0.747311827956989,0.793010752688172,0.101983870967742,0.0860215053763441,0.120967741935484,0.127631720430108,0.110215053763441,0.147849462365591,372
Smi165,Age001,Aza135,Aru127,0.674188172043011,0.647849462365591,0.701612903225806,0.177887096774194,0.155913978494624,0.201612903225806,0.147924731182796,0.126344086021505,0.172043010752688,372
Smi165,Asu001,Adi002,Aru127,0.226967741935484,0.201612903225806,0.252688172043011,0.534817204301075,0.505376344086022,0.564516129032258,0.238215053763441,0.212365591397849,0.266129032258065,372
Smi165,Asu001,Ama006,Aga001,0.0842338709677419,0.0725806451612903,0.0967741935483871,0.822701612903226,0.806451612903226,0.838709677419355,0.0930618279569893,0.0806451612903226,0.10752688172043,372
Smi165,Asu001,Aru127,Aga001,0.101037634408602,0.0887096774193548,0.115591397849462,0.813126344086021,0.795698924731183,0.827956989247312,0.0858360215053764,0.0752688172043011,0.0994623655913978,372
Smi165,Age001,Adi002,Adi003,0.943586021505376,0.935483870967742,0.948924731182796,0.0184166666666667,0.0134408602150538,0.0241935483870968,0.037997311827957,0.032258064516129,0.0456989247311828,372
Smi165,Asu001,Age001,Aru127,0.188040322580645,0.166666666666667,0.209677419354839,0.611873655913978,0.583333333333333,0.639784946236559,0.200086021505376,0.17741935483871,0.223118279569892,372
Smi165,Asu001,Ama018,Aga001,0.0897123655913978,0.0779569892473118,0.102150537634409,0.814077956989247,0.795698924731183,0.830645161290323,0.0962096774193548,0.0833333333333333,0.110215053763441,372
Smi165,Asu001,Age001,Adi003,0.261346774193548,0.236559139784946,0.287634408602151,0.4235,0.39247311827957,0.454301075268817,0.315153225806452,0.287634408602151,0.344086021505376,372
Smi165,Age001,Adi001,Aga002,0.406002688172043,0.376344086021505,0.435483870967742,0.30183064516129,0.274193548387097,0.330645161290323,0.292166666666667,0.266129032258065,0.31989247311828,372
Smi165,Asu001,Ape001,Adi003,0.17302688172043,0.150537634408602,0.196236559139785,0.207069892473118,0.182795698924731,0.231182795698925,0.619905913978495,0.591397849462366,0.647849462365591,372
Smi165,Asu001,Ama018,Adi003,0.140900537634409,0.120967741935484,0.163978494623656,0.235126344086022,0.212365591397849,0.260752688172043,0.62397311827957,0.596774193548387,0.650537634408602,372
Smi165,Age001,Aga001,Aga002,0.906016129032258,0.897849462365591,0.913978494623656,0.0453467741935484,0.0403225806451613,0.0510752688172043,0.0486370967741935,0.0403225806451613,0.0564516129032258,372
Smi165,Asu001,Adi001,Aga001,0.0854354838709677,0.0725806451612903,0.0994623655913978,0.841698924731183,0.825268817204301,0.85752688172043,0.0728655913978495,0.0618279569892473,0.0833333333333333,372
Smi165,Age001,Ama006,Adi003,0.3945,0.365591397849462,0.424731182795699,0.316913978494624,0.290322580645161,0.346774193548387,0.288586021505376,0.260752688172043,0.317204301075269,372
Smi165,Age001,Adi002,Aru127,0.450965053763441,0.419354838709677,0.481182795698925,0.283674731182796,0.255376344086022,0.314516129032258,0.265360215053763,0.239247311827957,0.293010752688172,372
Smi165,Age001,Ama018,Aga001,0.656349462365591,0.629032258064516,0.682795698924731,0.222198924731183,0.198924731182796,0.247311827956989,0.121451612903226,0.102150537634409,0.14247311827957,372
Smi165,Age001,Aru127,Adi003,0.430112903225806,0.400537634408602,0.462365591397849,0.272836021505376,0.244623655913978,0.301075268817204,0.297051075268817,0.268817204301075,0.327956989247312,372
Smi165,Asu001,Ape001,Aga002,0.114841397849462,0.102150537634409,0.131720430107527,0.797416666666667,0.776881720430108,0.817204301075269,0.087741935483871,0.0752688172043011,0.102150537634409,372
Smi165,Age001,Adi002,Aga001,0.414430107526882,0.384408602150538,0.443548387096774,0.327368279569893,0.298387096774194,0.35752688172043,0.258198924731183,0.233870967741935,0.28494623655914,372
Smi165,Age001,Ama006,Aga002,0.655384408602151,0.629032258064516,0.68010752688172,0.219876344086021,0.196236559139785,0.241935483870968,0.124739247311828,0.10752688172043,0.145161290322581,372
Smi165,Asu001,Aza135,Aga002,0.106569892473118,0.0940860215053763,0.120967741935484,0.796083333333333,0.776881720430108,0.814516129032258,0.0973440860215054,0.0833333333333333,0.112903225806452,372
Smi165,Age001,Ape001,Adi002,0.414134408602151,0.384408602150538,0.443548387096774,0.273981182795699,0.247311827956989,0.301075268817204,0.311884408602151,0.282258064516129,0.341397849462366,372
Smi165,Age001,Adi001,Aza135,0.374120967741935,0.344086021505376,0.403225806451613,0.306693548387097,0.279569892473118,0.336021505376344,0.319185483870968,0.293010752688172,0.346774193548387,372
Smi165,Asu001,Ama006,Aza135,0.82869623655914,0.806451612903226,0.849462365591398,0.0938575268817204,0.0752688172043011,0.112903225806452,0.0774435483870968,0.0645161290322581,0.0913978494623656,372
Smi165,Asu001,Ama006,Aga002,0.0964704301075269,0.0833333333333333,0.110215053763441,0.820400537634409,0.801075268817204,0.838709677419355,0.0831263440860215,0.0698924731182796,0.0967741935483871,372
Smi165,Age001,Ape001,Ama006,0.886736559139785,0.873655913978495,0.897849462365591,0.0293548387096774,0.021505376344086,0.0376344086021505,0.0839112903225806,0.0752688172043011,0.0940860215053763,372
Smi165,Asu001,Adi002,Aza135,0.15725,0.137096774193548,0.18010752688172,0.628333333333333,0.599462365591398,0.655913978494624,0.214416666666667,0.190860215053763,0.239247311827957,372
Smi165,Age001,Ape001,Aga001,0.658978494623656,0.631720430107527,0.685483870967742,0.194349462365591,0.172043010752688,0.217741935483871,0.146672043010753,0.126344086021505,0.166666666666667,372
Smi165,Age001,Ama006,Aza135,0.911443548387097,0.897849462365591,0.922043010752688,0.0576451612903226,0.0483870967741935,0.0672043010752688,0.0309139784946237,0.0241935483870968,0.0403225806451613,372
Smi165,Asu001,Ama018,Aga002,0.100814516129032,0.0887096774193548,0.115591397849462,0.816478494623656,0.795698924731183,0.833333333333333,0.0827069892473118,0.0698924731182796,0.0967741935483871,372
Smi165,Age001,Aza135,Adi003,0.37641935483871,0.346774193548387,0.405913978494624,0.307975806451613,0.279569892473118,0.336021505376344,0.315604838709677,0.287634408602151,0.344086021505376,372
Smi165,Asu001,Aga001,Aga002,0.781846774193548,0.763440860215054,0.798387096774194,0.0992903225806452,0.0860215053763441,0.115591397849462,0.118862903225806,0.104838709677419,0.134408602150538,372
Smi165,Asu001,Age001,Aza135,0.135849462365591,0.115591397849462,0.158602150537634,0.677540322580645,0.647849462365591,0.704301075268817,0.186610215053763,0.163978494623656,0.212365591397849,372
Smi165,Asu001,Adi003,Aga002,0.0695510752688172,0.0591397849462366,0.0806451612903226,0.852325268817204,0.836021505376344,0.865591397849462,0.0781263440860215,0.0672043010752688,0.0913978494623656,372
Smi165,Age001,Ama018,Adi003,0.39239247311828,0.362903225806452,0.422043010752688,0.304032258064516,0.276881720430108,0.333333333333333,0.303575268817204,0.274193548387097,0.333333333333333,372
Smi165,Asu001,Ama018,Aza135,0.800465053763441,0.776881720430108,0.82258064516129,0.106978494623656,0.0887096774193548,0.126344086021505,0.0925564516129032,0.0779569892473118,0.110215053763441,372
Smi165,Ape001,Ama018,Aru127,0.116166666666667,0.102150537634409,0.131720430107527,0.0965618279569892,0.0833333333333333,0.112903225806452,0.787271505376344,0.766129032258065,0.806451612903226,372
Smi165,Asu001,Adi001,Ama006,0.139459677419355,0.118279569892473,0.161290322580645,0.60485752688172,0.577956989247312,0.631720430107527,0.255682795698925,0.231182795698925,0.282258064516129,372
Smi165,Age001,Aru127,Aga001,0.608158602150538,0.580645161290323,0.637096774193548,0.215239247311828,0.193548387096774,0.239247311827957,0.176602150537634,0.155913978494624,0.198924731182796,372
Smi165,Asu001,Ama006,Adi003,0.141045698924731,0.118279569892473,0.163978494623656,0.252838709677419,0.228494623655914,0.279569892473118,0.606115591397849,0.577956989247312,0.634408602150538,372
Smi165,Age001,Ama006,Aga001,0.636661290322581,0.610215053763441,0.661290322580645,0.238930107526882,0.21505376344086,0.263440860215054,0.124405913978495,0.104838709677419,0.145161290322581,372
Smi165,Asu001,Aza135,Adi003,0.131537634408602,0.110215053763441,0.153225806451613,0.230486559139785,0.206989247311828,0.255376344086022,0.637975806451613,0.610215053763441,0.666666666666667,372
Smi165,Ape001,Ama018,Ama006,0.746438172043011,0.723118279569892,0.768817204301075,0.11847311827957,0.102150537634409,0.137096774193548,0.135088709677419,0.118279569892473,0.155913978494624,372
Smi165,Asu001,Ama006,Aru127,0.344575268817204,0.314516129032258,0.373655913978495,0.274005376344086,0.244623655913978,0.303763440860215,0.381416666666667,0.349462365591398,0.413978494623656,372
Smi165,Age001,Adi001,Adi003,0.927188172043011,0.919354838709677,0.935483870967742,0.020755376344086,0.0161290322580645,0.0268817204301075,0.0520564516129032,0.0456989247311828,0.0591397849462366,372
Smi165,Asu001,Adi001,Adi003,0.924255376344086,0.913978494623656,0.932795698924731,0.0390698924731183,0.032258064516129,0.0456989247311828,0.0366747311827957,0.0295698924731183,0.043010752688172,372
Smi165,Asu001,Adi002,Ama006,0.155091397849462,0.134408602150538,0.17741935483871,0.605626344086022,0.577956989247312,0.634408602150538,0.239282258064516,0.21505376344086,0.263440860215054,372
Smi165,Asu001,Adi002,Aga001,0.0764435483870968,0.0645161290322581,0.0887096774193548,0.852190860215054,0.836021505376344,0.868279569892473,0.0713655913978495,0.0591397849462366,0.0833333333333333,372
Smi165,Age001,Ama018,Adi001,0.385911290322581,0.35752688172043,0.416666666666667,0.319459677419355,0.293010752688172,0.346774193548387,0.294629032258065,0.266129032258065,0.32258064516129,372
Smi165,Asu001,Ama018,Adi002,0.156233870967742,0.134408602150538,0.17741935483871,0.225341397849462,0.201612903225806,0.25,0.618422043010753,0.591397849462366,0.645161290322581,372
Smi165,Age001,Ama018,Aru127,0.686287634408602,0.658602150537634,0.712365591397849,0.183825268817204,0.161290322580645,0.206989247311828,0.129887096774194,0.110215053763441,0.153225806451613,372
Smi165,Age001,Adi002,Aza135,0.40052688172043,0.370967741935484,0.43010752688172,0.296881720430108,0.268817204301075,0.325268817204301,0.302591397849462,0.274193548387097,0.330645161290323,372
Smi165,Asu001,Adi001,Adi002,0.936333333333333,0.92741935483871,0.943548387096774,0.0365241935483871,0.0295698924731183,0.043010752688172,0.0271424731182796,0.0241935483870968,0.032258064516129,372
Smi165,Age001,Adi002,Ama006,0.400059139784946,0.370967741935484,0.43010752688172,0.286193548387097,0.258064516129032,0.314516129032258,0.313744623655914,0.287634408602151,0.341397849462366,372
Smi165,Asu001,Adi001,Aga002,0.0805376344086021,0.0698924731182796,0.0940860215053763,0.842604838709678,0.827956989247312,0.85752688172043,0.0768575268817204,0.0645161290322581,0.0887096774193548,372
Smi165,Age001,Aru127,Aga002,0.623075268817204,0.596774193548387,0.650537634408602,0.208836021505376,0.185483870967742,0.231182795698925,0.168088709677419,0.147849462365591,0.188172043010753,372
Smi165,Age001,Ape001,Adi003,0.400486559139785,0.370967741935484,0.43010752688172,0.274862903225806,0.247311827956989,0.303763440860215,0.324650537634409,0.295698924731183,0.354838709677419,372
Smi165,Asu001,Ape001,Adi002,0.184586021505376,0.161290322580645,0.206989247311828,0.202752688172043,0.18010752688172,0.228494623655914,0.612661290322581,0.586021505376344,0.639784946236559,372
Smi165,Age001,Ape001,Aga002,0.678760752688172,0.650537634408602,0.704301075268817,0.169787634408602,0.147849462365591,0.193548387096774,0.151451612903226,0.131720430107527,0.172043010752688,372
Smi165,Asu001,Aru127,Aga002,0.108865591397849,0.0967741935483871,0.123655913978495,0.80864247311828,0.790322580645161,0.825268817204301,0.082494623655914,0.0698924731182796,0.0967741935483871,372
Smi165,Asu001,Aza135,Aga001,0.0894166666666667,0.0779569892473118,0.102150537634409,0.801145161290323,0.782258064516129,0.817204301075269,0.109438172043011,0.0967741935483871,0.123655913978495,372
Smi165,Asu001,Ape001,Aga001,0.097752688172043,0.0860215053763441,0.112903225806452,0.80777688172043,0.790322580645161,0.825268817204301,0.0944731182795699,0.0806451612903226,0.110215053763441,372
Smi165,Asu001,Ape001,Ama018,0.794650537634409,0.774193548387097,0.814516129032258,0.0840510752688172,0.0725806451612903,0.0967741935483871,0.121298387096774,0.104838709677419,0.139784946236559,372
Smi165,Age001,Adi002,Aga002,0.424922043010753,0.395161290322581,0.456989247311828,0.304623655913978,0.276881720430108,0.333333333333333,0.270454301075269,0.244623655913978,0.298387096774194,372
Smi165,Asu001,Adi001,Aru127,0.217483870967742,0.193548387096774,0.244623655913978,0.53652688172043,0.505376344086022,0.567204301075269,0.245989247311828,0.220430107526882,0.274193548387097,372
Smi165,Ape001,Ama018,Aga001,0.0783682795698925,0.0672043010752688,0.0913978494623656,0.111868279569892,0.0967741935483871,0.129032258064516,0.809763440860215,0.790322580645161,0.827956989247312,372
Smi165,Age001,Ama018,Adi002,0.405903225806452,0.376344086021505,0.435483870967742,0.298260752688172,0.271505376344086,0.325268817204301,0.295838709677419,0.268817204301075,0.325268817204301,372
Smi165,Age001,Ama018,Aza135,0.895989247311828,0.881720430107527,0.908602150537634,0.058489247311828,0.0510752688172043,0.0698924731182796,0.0455241935483871,0.0376344086021505,0.0564516129032258,372
Smi165,Ape001,Ama018,Adi001,0.0578655913978495,0.0510752688172043,0.0672043010752688,0.0756048387096774,0.0645161290322581,0.0860215053763441,0.866529569892473,0.852150537634409,0.879032258064516,372
Smi165,Asu001,Ama018,Aru127,0.355099462365591,0.325268817204301,0.384408602150538,0.267158602150538,0.236559139784946,0.298387096774194,0.377741935483871,0.346774193548387,0.408602150537634,372
Smi165,Age001,Adi001,Adi002,0.935908602150538,0.92741935483871,0.943548387096774,0.028502688172043,0.0241935483870968,0.0349462365591398,0.0355887096774194,0.0295698924731183,0.0403225806451613,372
Smi165,Asu001,Aru127,Adi003,0.202271505376344,0.17741935483871,0.228494623655914,0.250881720430108,0.223118279569892,0.279569892473118,0.546846774193548,0.516129032258065,0.577956989247312,372
Smi165,Age001,Adi003,Aga002,0.413551075268817,0.384408602150538,0.443548387096774,0.316879032258065,0.287634408602151,0.346774193548387,0.269569892473118,0.244623655913978,0.295698924731183,372
Smi165,Age001,Aza135,Aga001,0.644741935483871,0.618279569892473,0.672043010752688,0.21133064516129,0.188172043010753,0.236559139784946,0.143927419354839,0.123655913978495,0.166666666666667,372
Smi165,Asu001,Adi001,Aza135,0.14889247311828,0.129032258064516,0.172043010752688,0.626016129032258,0.599462365591398,0.653225806451613,0.225094086021505,0.201612903225806,0.25,372
Smi165,Ape001,Ama018,Adi002,0.0556317204301075,0.0483870967741935,0.0645161290322581,0.0789220430107527,0.0672043010752688,0.0913978494623656,0.865448924731183,0.852150537634409,0.879032258064516,372
Smi165,Age001,Ape001,Aza135,0.874760752688172,0.860215053763441,0.889784946236559,0.0514731182795699,0.043010752688172,0.0618279569892473,0.0737634408602151,0.0618279569892473,0.0860215053763441,372
Smi165,Asu001,Ape001,Ama006,0.795712365591398,0.776881720430108,0.814516129032258,0.0804704301075269,0.0698924731182796,0.0940860215053763,0.123819892473118,0.10752688172043,0.139784946236559,372
Smi165,Age001,Adi001,Aga001,0.405395161290323,0.376344086021505,0.435483870967742,0.322905913978495,0.295698924731183,0.352150537634409,0.271698924731183,0.247311827956989,0.298387096774194,372
Smi165,Age001,Adi001,Ama006,0.372569892473118,0.344086021505376,0.403225806451613,0.292360215053763,0.263440860215054,0.31989247311828,0.335069892473118,0.306451612903226,0.362903225806452,372
Smi165,Age001,Ape001,Aru127,0.663435483870968,0.634408602150538,0.690860215053763,0.165435483870968,0.14247311827957,0.188172043010753,0.171126344086022,0.150537634408602,0.193548387096774,372
Smi165,Age001,Ama006,Aru127,0.669653225806452,0.64247311827957,0.696236559139785,0.206454301075269,0.182795698924731,0.231182795698925,0.12389247311828,0.104838709677419,0.145161290322581,372
Smi165,Age001,Aza135,Aga002,0.669637096774193,0.64247311827957,0.696236559139785,0.190790322580645,0.169354838709677,0.21505376344086,0.139572580645161,0.120967741935484,0.161290322580645,372
Smi165,Age001,Ama018,Aga002,0.671155913978495,0.645161290322581,0.696236559139785,0.205817204301075,0.182795698924731,0.228494623655914,0.123024193548387,0.104838709677419,0.14247311827957,372
Smi165,Asu001,Adi003,Aga001,0.0732284946236559,0.0618279569892473,0.0860215053763441,0.8495,0.836021505376344,0.862903225806452,0.0772715053763441,0.0672043010752688,0.0887096774193548,372
Smi165,Age001,Ape001,Ama018,0.885403225806452,0.870967741935484,0.897849462365591,0.0436666666666667,0.0349462365591398,0.0537634408602151,0.0709301075268817,0.0618279569892473,0.0806451612903226,372
Smi165,Ape001,Adi001,Adi002,0.951725806451613,0.943548387096774,0.959677419354839,0.037994623655914,0.032258064516129,0.0456989247311828,0.0102795698924731,0.00806451612903226,0.0161290322580645,372
Smi165,Age001,Adi001,Aru127,0.423104838709677,0.39247311827957,0.454301075268817,0.290013440860215,0.260752688172043,0.31989247311828,0.286881720430108,0.260752688172043,0.314516129032258,372
Smi165,Asu001,Ama018,Ama006,0.913959677419355,0.903225806451613,0.924731182795699,0.0389731182795699,0.032258064516129,0.0483870967741935,0.0470672043010753,0.0403225806451613,0.0564516129032258,372
Smi165,Asu001,Ape001,Aru127,0.336717741935484,0.306451612903226,0.365591397849462,0.247231182795699,0.220430107526882,0.276881720430108,0.416051075268817,0.384408602150538,0.446236559139785,372
Smi165,Asu001,Ama018,Adi001,0.151677419354839,0.131720430107527,0.172043010752688,0.23597311827957,0.212365591397849,0.260752688172043,0.612349462365591,0.586021505376344,0.639784946236559,372
Smi165,Age001,Ama018,Ama006,0.947099462365592,0.940860215053763,0.951612903225806,0.0168682795698925,0.0161290322580645,0.021505376344086,0.0360349462365591,0.032258064516129,0.043010752688172,372
Smi165,Asu001,Adi002,Adi003,0.933470430107527,0.924731182795699,0.940860215053763,0.0311827956989247,0.0295698924731183,0.0349462365591398,0.0353467741935484,0.0295698924731183,0.043010752688172,372
Smi165,Asu001,Aza135,Aru127,0.330190860215054,0.301075268817204,0.360215053763441,0.250895161290323,0.223118279569892,0.279569892473118,0.418913978494624,0.387096774193548,0.451612903225806,372
Smi165,Age001,Adi003,Aga001,0.407483870967742,0.379032258064516,0.438172043010753,0.335317204301075,0.306451612903226,0.365591397849462,0.257201612903226,0.231182795698925,0.282258064516129,372
Smi165,Asu001,Ape001,Adi001,0.176661290322581,0.155913978494624,0.198924731182796,0.21808064516129,0.196236559139785,0.241935483870968,0.605258064516129,0.577956989247312,0.631720430107527,372
Smi165,Ape001,Adi001,Ama006,0.0499166666666667,0.043010752688172,0.0591397849462366,0.861634408602151,0.846774193548387,0.873655913978495,0.0884516129032258,0.0779569892473118,0.0994623655913978,372
Smi165,Age001,Ape001,Adi001,0.389932795698925,0.360215053763441,0.419354838709677,0.294602150537634,0.266129032258065,0.32258064516129,0.315465053763441,0.287634408602151,0.344086021505376,372
Smi165,Adi002,Aza135,Aga002,0.620865591397849,0.594086021505376,0.647849462365591,0.223032258064516,0.201612903225806,0.247311827956989,0.156102150537634,0.137096774193548,0.17741935483871,372
Smi165,Adi001,Ama006,Aga002,0.594887096774194,0.567204301075269,0.620967741935484,0.258459677419355,0.236559139784946,0.282258064516129,0.146653225806452,0.126344086021505,0.166666666666667,372
Smi165,Ape001,Aza135,Aga001,0.0898064516129032,0.0725806451612903,0.10752688172043,0.119314516129032,0.102150537634409,0.137096774193548,0.790879032258065,0.768817204301075,0.811827956989247,372
Smi165,Ama018,Adi002,Aga002,0.23630376344086,0.212365591397849,0.260752688172043,0.615672043010753,0.588709677419355,0.64247311827957,0.148024193548387,0.129032258064516,0.169354838709677,372
Smi165,Ape001,Adi002,Ama006,0.049255376344086,0.0403225806451613,0.0591397849462366,0.860174731182796,0.846774193548387,0.873655913978495,0.0905698924731183,0.0779569892473118,0.102150537634409,372
Smi165,Ama018,Adi001,Aru127,0.228443548387097,0.204301075268817,0.252688172043011,0.606623655913978,0.577956989247312,0.634408602150538,0.164932795698925,0.14247311827957,0.190860215053763,372
Smi165,Adi001,Adi002,Ama006,0.0435967741935484,0.0376344086021505,0.0510752688172043,0.0134166666666667,0.010752688172043,0.0188172043010753,0.942986559139785,0.935483870967742,0.951612903225806,372
Smi165,Adi002,Ama006,Aru127,0.592741935483871,0.564516129032258,0.620967741935484,0.248854838709677,0.223118279569892,0.274193548387097,0.158405913978495,0.134408602150538,0.182795698924731,372
Smi165,Ama018,Ama006,Aza135,0.115432795698925,0.0994623655913978,0.131720430107527,0.117774193548387,0.102150537634409,0.134408602150538,0.766793010752688,0.744623655913978,0.787634408602151,372
Smi165,Ape001,Ama006,Aza135,0.35297311827957,0.32258064516129,0.384408602150538,0.227239247311828,0.201612903225806,0.255376344086022,0.419790322580645,0.387096774193548,0.451612903225806,372
Smi165,Adi002,Ama006,Aga002,0.592454301075269,0.567204301075269,0.618279569892473,0.251427419354839,0.228494623655914,0.274193548387097,0.156120967741935,0.137096774193548,0.17741935483871,372
Smi165,Ama006,Aga001,Aga002,0.919725806451613,0.911290322580645,0.92741935483871,0.0516720430107527,0.0483870967741935,0.0591397849462366,0.0286021505376344,0.0241935483870968,0.0349462365591398,372
Smi165,Ama018,Adi002,Adi003,0.94669623655914,0.938172043010753,0.954301075268817,0.0168548387096774,0.0134408602150538,0.021505376344086,0.0364489247311828,0.0295698924731183,0.043010752688172,372
Smi165,Ama018,Adi001,Adi003,0.937241935483871,0.92741935483871,0.946236559139785,0.029505376344086,0.0241935483870968,0.0349462365591398,0.033252688172043,0.0268817204301075,0.0403225806451613,372
Smi165,Ama018,Aza135,Aga001,0.100341397849462,0.0806451612903226,0.120967741935484,0.096513440860215,0.0833333333333333,0.112903225806452,0.803145161290323,0.779569892473118,0.825268817204301,372
Smi165,Ama018,Aza135,Aru127,0.0852258064516129,0.0725806451612903,0.102150537634409,0.111182795698925,0.0967741935483871,0.126344086021505,0.803591397849462,0.782258064516129,0.82258064516129,372
Smi165,Adi002,Adi003,Aga002,0.0211854838709677,0.0161290322580645,0.0268817204301075,0.0390537634408602,0.032258064516129,0.0483870967741935,0.939760752688172,0.93010752688172,0.948924731182796,372
Smi165,Ama018,Aza135,Aga002,0.0997956989247312,0.0806451612903226,0.120967741935484,0.0993306451612903,0.0860215053763441,0.115591397849462,0.800876344086021,0.779569892473118,0.82258064516129,372
Smi165,Adi002,Adi003,Aga001,0.0184623655913978,0.0161290322580645,0.0241935483870968,0.0331908602150538,0.0268817204301075,0.0403225806451613,0.948346774193548,0.940860215053763,0.954301075268817,372
Smi165,Ama006,Aza135,Aga002,0.0986048387096774,0.0806451612903226,0.118279569892473,0.0738978494623656,0.0618279569892473,0.0887096774193548,0.827497311827957,0.806451612903226,0.846774193548387,372
Smi165,Ama018,Ama006,Adi003,0.0171612903225806,0.0134408602150538,0.0241935483870968,0.0296935483870968,0.0241935483870968,0.0376344086021505,0.953145161290323,0.943548387096774,0.962365591397849,372
Smi165,Ama018,Aru127,Aga001,0.285217741935484,0.255376344086022,0.314516129032258,0.368838709677419,0.338709677419355,0.400537634408602,0.345943548387097,0.317204301075269,0.376344086021505,372
Smi165,Ama006,Aru127,Adi003,0.235059139784946,0.209677419354839,0.260752688172043,0.160427419354839,0.137096774193548,0.185483870967742,0.604513440860215,0.575268817204301,0.634408602150538,372
Smi165,Ama018,Adi002,Aru127,0.229311827956989,0.204301075268817,0.255376344086022,0.607997311827957,0.577956989247312,0.637096774193548,0.162690860215054,0.139784946236559,0.188172043010753,372
Smi165,Ama018,Adi002,Aza135,0.0570295698924731,0.0483870967741935,0.0672043010752688,0.876032258064516,0.862903225806452,0.889784946236559,0.0669381720430108,0.0564516129032258,0.0779569892473118,372
Smi165,Adi002,Aru127,Aga002,0.563,0.532258064516129,0.594086021505376,0.228051075268817,0.201612903225806,0.255376344086022,0.208948924731183,0.185483870967742,0.233870967741935,372
Smi165,Adi002,Aru127,Adi003,0.0135510752688172,0.010752688172043,0.0188172043010753,0.945672043010753,0.935483870967742,0.954301075268817,0.0407768817204301,0.0349462365591398,0.0483870967741935,372
Smi165,Ama018,Ama006,Aga002,0.034244623655914,0.0268817204301075,0.043010752688172,0.0458655913978495,0.0376344086021505,0.0564516129032258,0.919889784946237,0.908602150537634,0.93010752688172,372
Smi165,Ama018,Adi001,Adi002,0.950129032258064,0.940860215053763,0.956989247311828,0.033260752688172,0.0268817204301075,0.0403225806451613,0.0166129032258065,0.0134408602150538,0.021505376344086,372
Smi165,Ama018,Adi001,Aga002,0.237978494623656,0.21505376344086,0.260752688172043,0.610037634408602,0.583333333333333,0.637096774193548,0.151986559139785,0.131720430107527,0.172043010752688,372
Smi165,Ape001,Adi002,Adi003,0.950333333333333,0.940860215053763,0.956989247311828,0.014505376344086,0.0134408602150538,0.0188172043010753,0.0351586021505376,0.0268817204301075,0.043010752688172,372
Smi165,Ape001,Aru127,Aga001,0.263346774193548,0.236559139784946,0.293010752688172,0.396115591397849,0.365591397849462,0.42741935483871,0.340537634408602,0.311827956989247,0.370967741935484,372
Smi165,Ape001,Ama018,Aga002,0.0845645161290322,0.0752688172043011,0.0967741935483871,0.116763440860215,0.102150537634409,0.131720430107527,0.798672043010753,0.779569892473118,0.814516129032258,372
Smi165,Ape001,Adi003,Aga001,0.207274193548387,0.182795698924731,0.231182795698925,0.611905913978495,0.583333333333333,0.639784946236559,0.180819892473118,0.158602150537634,0.201612903225806,372
Smi165,Ama018,Adi002,Ama006,0.0201693548387097,0.0161290322580645,0.0268817204301075,0.943854838709677,0.935483870967742,0.951612903225806,0.0359758064516129,0.0295698924731183,0.043010752688172,372
Smi165,Ama006,Aza135,Adi003,0.050739247311828,0.0403225806451613,0.0618279569892473,0.0509704301075269,0.043010752688172,0.0618279569892473,0.898290322580645,0.884408602150538,0.911290322580645,372
Smi165,Ama006,Aza135,Aru127,0.0834623655913978,0.0698924731182796,0.0994623655913978,0.0965591397849462,0.0833333333333333,0.110215053763441,0.819978494623656,0.801075268817204,0.838709677419355,372
Smi165,Ape001,Ama006,Aga001,0.0659112903225806,0.0564516129032258,0.0779569892473118,0.125873655913979,0.110215053763441,0.14247311827957,0.808215053763441,0.790322580645161,0.825268817204301,372
Smi165,Ama018,Aga001,Aga002,0.912997311827957,0.903225806451613,0.922043010752688,0.0553844086021505,0.0483870967741935,0.0618279569892473,0.0316155913978495,0.0268817204301075,0.0376344086021505,372
Smi165,Ape001,Ama006,Aga002,0.0749462365591398,0.0645161290322581,0.0860215053763441,0.129513440860215,0.115591397849462,0.145161290322581,0.795540322580645,0.776881720430108,0.811827956989247,372
Smi165,Ape001,Aru127,Aga002,0.261704301075269,0.233870967741935,0.290322580645161,0.408551075268817,0.376344086021505,0.440860215053763,0.329744623655914,0.301075268817204,0.360215053763441,372
Smi165,Adi001,Adi002,Adi003,0.429524193548387,0.397849462365591,0.462365591397849,0.274594086021505,0.247311827956989,0.303763440860215,0.295881720430108,0.266129032258065,0.327956989247312,372
Smi165,Ape001,Adi002,Aza135,0.0604704301075269,0.0510752688172043,0.0725806451612903,0.856720430107527,0.841397849462366,0.870967741935484,0.0828091397849462,0.0725806451612903,0.0940860215053763,372
Smi165,Ape001,Ama006,Aru127,0.114338709677419,0.0994623655913978,0.129032258064516,0.0943387096774194,0.0806451612903226,0.110215053763441,0.791322580645161,0.771505376344086,0.809139784946237,372
Smi165,Ape001,Adi001,Adi003,0.942956989247312,0.932795698924731,0.951612903225806,0.0269838709677419,0.021505376344086,0.032258064516129,0.0300591397849462,0.021505376344086,0.0376344086021505,372
Smi165,Adi001,Aru127,Aga001,0.547056451612903,0.516129032258065,0.577956989247312,0.242524193548387,0.217741935483871,0.268817204301075,0.21041935483871,0.188172043010753,0.233870967741935,372
Smi165,Adi001,Adi002,Aza135,0.0396908602150538,0.0349462365591398,0.0456989247311828,0.0131774193548387,0.010752688172043,0.0188172043010753,0.947129032258065,0.938172043010753,0.954301075268817,372
Smi165,Adi001,Adi002,Aga002,0.0383306451612903,0.032258064516129,0.0456989247311828,0.0212258064516129,0.0161290322580645,0.0268817204301075,0.940443548387097,0.93010752688172,0.948924731182796,372
Smi165,Ape001,Ama018,Aza135,0.345384408602151,0.317204301075269,0.373655913978495,0.231405913978495,0.206989247311828,0.258064516129032,0.423209677419355,0.395161290322581,0.454301075268817,372
Smi165,Adi001,Ama006,Aru127,0.605139784946237,0.575268817204301,0.634408602150538,0.246032258064516,0.223118279569892,0.271505376344086,0.148827956989247,0.126344086021505,0.172043010752688,372
Smi165,Ape001,Aza135,Aga002,0.089760752688172,0.0725806451612903,0.10752688172043,0.125349462365591,0.110215053763441,0.14247311827957,0.784889784946237,0.763440860215054,0.806451612903226,372
Smi165,Ama018,Ama006,Aga001,0.0270672043010753,0.021505376344086,0.0349462365591398,0.045752688172043,0.0376344086021505,0.0537634408602151,0.927177419354839,0.916666666666667,0.938172043010753,372
Smi165,Ama018,Adi001,Aga001,0.247956989247312,0.225806451612903,0.271505376344086,0.594056451612903,0.567204301075269,0.620967741935484,0.157986559139785,0.139784946236559,0.17741935483871,372
Smi165,Adi001,Ama006,Aza135,0.899416666666667,0.884408602150538,0.911290322580645,0.0575725806451613,0.0483870967741935,0.0698924731182796,0.043010752688172,0.0349462365591398,0.0537634408602151,372
Smi165,Adi001,Aza135,Aga002,0.621123655913978,0.594086021505376,0.647849462365591,0.227051075268817,0.204301075268817,0.25,0.151825268817204,0.131720430107527,0.172043010752688,372
Smi165,Adi001,Aza135,Aga001,0.599126344086022,0.57258064516129,0.626344086021505,0.243131720430108,0.220430107526882,0.268817204301075,0.157741935483871,0.137096774193548,0.18010752688172,372
Smi165,Ape001,Adi001,Aga001,0.223905913978495,0.201612903225806,0.25,0.599422043010753,0.57258064516129,0.626344086021505,0.176672043010753,0.155913978494624,0.198924731182796,372
Smi165,Adi002,Aga001,Aga002,0.915860215053763,0.905913978494624,0.924731182795699,0.0488387096774194,0.0456989247311828,0.0564516129032258,0.0353010752688172,0.0295698924731183,0.043010752688172,372
Smi165,Ama018,Ama006,Aru127,0.039,0.0295698924731183,0.0483870967741935,0.0448494623655914,0.0376344086021505,0.0537634408602151,0.916150537634409,0.903225806451613,0.92741935483871,372
Smi165,Ape001,Adi001,Aru127,0.221139784946237,0.198924731182796,0.244623655913978,0.579112903225806,0.551075268817204,0.60752688172043,0.199747311827957,0.17741935483871,0.223118279569892,372
Smi165,Adi001,Adi003,Aga002,0.0296586021505376,0.0241935483870968,0.0376344086021505,0.037252688172043,0.0295698924731183,0.0456989247311828,0.933091397849462,0.922043010752688,0.940860215053763,372
Smi165,Adi002,Ama006,Adi003,0.0169327956989247,0.0134408602150538,0.021505376344086,0.947755376344086,0.938172043010753,0.956989247311828,0.0353145161290323,0.0295698924731183,0.043010752688172,372
Smi165,Adi002,Aza135,Aru127,0.604209677419355,0.575268817204301,0.634408602150538,0.227567204301075,0.201612903225806,0.252688172043011,0.16822311827957,0.145161290322581,0.193548387096774,372
Smi165,Adi001,Aza135,Aru127,0.612658602150538,0.583333333333333,0.64247311827957,0.225876344086022,0.201612903225806,0.252688172043011,0.161465053763441,0.137096774193548,0.185483870967742,372
Smi165,Adi001,Aga001,Aga002,0.905051075268817,0.895161290322581,0.911290322580645,0.0504569892473118,0.0483870967741935,0.0564516129032258,0.044491935483871,0.0376344086021505,0.0510752688172043,372
Smi165,Ama006,Aza135,Aga001,0.0973629032258065,0.0806451612903226,0.118279569892473,0.0671532258064516,0.0564516129032258,0.0806451612903226,0.835483870967742,0.814516129032258,0.854838709677419,372
Smi165,Adi001,Adi002,Aru127,0.0393682795698925,0.032258064516129,0.0483870967741935,0.0161155913978495,0.0134408602150538,0.021505376344086,0.944516129032258,0.935483870967742,0.951612903225806,372
Smi165,Ama006,Aru127,Aga001,0.293099462365591,0.263440860215054,0.32258064516129,0.361403225806452,0.330645161290323,0.39247311827957,0.345497311827957,0.317204301075269,0.376344086021505,372
Smi165,Adi001,Aru127,Aga002,0.558540322580645,0.529569892473118,0.588709677419355,0.238021505376344,0.212365591397849,0.266129032258065,0.203438172043011,0.18010752688172,0.228494623655914,372
Smi165,Ama018,Adi002,Aga001,0.23925,0.21505376344086,0.263440860215054,0.597362903225806,0.56989247311828,0.623655913978495,0.163387096774194,0.14247311827957,0.185483870967742,372
Smi165,Aza135,Aga001,Aga002,0.90372311827957,0.895161290322581,0.911290322580645,0.0642231182795699,0.0564516129032258,0.0725806451612903,0.0320564516129032,0.0268817204301075,0.0376344086021505,372
Smi165,Adi001,Ama006,Aga001,0.580293010752688,0.553763440860215,0.60752688172043,0.27244623655914,0.247311827956989,0.298387096774194,0.147263440860215,0.126344086021505,0.169354838709677,372
Smi165,Ape001,Aza135,Adi003,0.0497284946236559,0.0403225806451613,0.0591397849462366,0.091,0.0806451612903226,0.102150537634409,0.859268817204301,0.844086021505376,0.873655913978495,372
Smi165,Ape001,Aru127,Adi003,0.212290322580645,0.190860215053763,0.236559139784946,0.205295698924731,0.182795698924731,0.228494623655914,0.582413978494624,0.553763440860215,0.610215053763441,372
Smi165,Adi002,Ama006,Aza135,0.894188172043011,0.881720430107527,0.905913978494624,0.0596693548387097,0.0510752688172043,0.0698924731182796,0.0461397849462366,0.0376344086021505,0.0564516129032258,372
Smi165,Adi001,Aza135,Adi003,0.0234247311827957,0.0188172043010753,0.0295698924731183,0.942454301075269,0.932795698924731,0.951612903225806,0.0341209677419355,0.0268817204301075,0.043010752688172,372
Smi165,Adi001,Ama006,Adi003,0.0328870967741935,0.0268817204301075,0.0403225806451613,0.943067204301075,0.932795698924731,0.951612903225806,0.0240483870967742,0.0161290322580645,0.032258064516129,372
Smi165,Ama006,Adi003,Aga001,0.257467741935484,0.233870967741935,0.282258064516129,0.586387096774194,0.559139784946237,0.612903225806452,0.156145161290323,0.137096774193548,0.17741935483871,372
Smi165,Ape001,Aza135,Aru127,0.11222311827957,0.0967741935483871,0.129032258064516,0.104862903225806,0.0887096774193548,0.120967741935484,0.782916666666667,0.760752688172043,0.803763440860215,372
Smi165,Ama018,Adi003,Aga001,0.236290322580645,0.212365591397849,0.260752688172043,0.610701612903226,0.583333333333333,0.637096774193548,0.153005376344086,0.134408602150538,0.174731182795699,372
Smi165,Ama018,Aru127,Adi003,0.217271505376344,0.193548387096774,0.241935483870968,0.170129032258064,0.145161290322581,0.196236559139785,0.612599462365591,0.583333333333333,0.64247311827957,372
Smi165,Ama018,Aza135,Adi003,0.0462768817204301,0.0376344086021505,0.0564516129032258,0.0666532258064516,0.0564516129032258,0.0779569892473118,0.887069892473118,0.873655913978495,0.900537634408602,372
Smi165,Adi002,Aza135,Aga001,0.601604838709677,0.575268817204301,0.629032258064516,0.22860752688172,0.204301075268817,0.252688172043011,0.169784946236559,0.150537634408602,0.190860215053763,372
Smi165,Ama018,Adi001,Aza135,0.0572661290322581,0.0483870967741935,0.0672043010752688,0.874881720430108,0.860215053763441,0.887096774193548,0.0678521505376344,0.0591397849462366,0.0779569892473118,372
Smi165,Ama018,Aru127,Aga002,0.279384408602151,0.25,0.309139784946237,0.364862903225807,0.333333333333333,0.395161290322581,0.355752688172043,0.325268817204301,0.387096774193548,372
Smi165,Adi001,Adi002,Aga001,0.0278817204301075,0.021505376344086,0.0349462365591398,0.0292069892473118,0.021505376344086,0.0376344086021505,0.942911290322581,0.932795698924731,0.951612903225806,372
Smi165,Ape001,Adi002,Aga001,0.20722311827957,0.182795698924731,0.231182795698925,0.605575268817204,0.577956989247312,0.631720430107527,0.187201612903226,0.166666666666667,0.209677419354839,372
Smi165,Adi002,Aza135,Adi003,0.0135860215053763,0.010752688172043,0.0188172043010753,0.945782258064516,0.938172043010753,0.954301075268817,0.0406317204301075,0.0349462365591398,0.0483870967741935,372
Smi165,Ape001,Adi002,Aru127,0.221551075268817,0.198924731182796,0.244623655913978,0.575852150537634,0.548387096774194,0.602150537634409,0.202596774193548,0.18010752688172,0.225806451612903,372
Smi165,Ape001,Ama006,Adi003,0.0523548387096774,0.0456989247311828,0.0618279569892473,0.0891559139784946,0.0779569892473118,0.102150537634409,0.858489247311828,0.844086021505376,0.870967741935484,372
Smi165,Ama018,Adi001,Ama006,0.0151263440860215,0.010752688172043,0.021505376344086,0.948709677419355,0.938172043010753,0.956989247311828,0.0361639784946237,0.0295698924731183,0.043010752688172,372
Smi165,Ama018,Adi003,Aga002,0.229634408602151,0.206989247311828,0.252688172043011,0.62297311827957,0.596774193548387,0.650537634408602,0.14739247311828,0.126344086021505,0.169354838709677,372
Smi165,Adi001,Aru127,Adi003,0.0255779569892473,0.021505376344086,0.032258064516129,0.941287634408602,0.93010752688172,0.948924731182796,0.0331344086021505,0.0268817204301075,0.0403225806451613,372
Smi165,Ape001,Adi003,Aga002,0.199709677419355,0.17741935483871,0.223118279569892,0.631604838709677,0.604838709677419,0.658602150537634,0.168685483870968,0.147849462365591,0.190860215053763,372
Smi165,Adi001,Adi003,Aga001,0.0241075268817204,0.0188172043010753,0.0295698924731183,0.0414758064516129,0.032258064516129,0.0510752688172043,0.934416666666667,0.924731182795699,0.943548387096774,372
Smi165,Adi002,Ama006,Aga001,0.575508064516129,0.548387096774194,0.602150537634409,0.25844623655914,0.233870967741935,0.282258064516129,0.166045698924731,0.145161290322581,0.188172043010753,372
Smi165,Ape001,Aga001,Aga002,0.902629032258065,0.89247311827957,0.911290322580645,0.0654650537634409,0.0591397849462366,0.0752688172043011,0.0319059139784946,0.0241935483870968,0.0403225806451613,372
Smi165,Ape001,Adi001,Aga002,0.207924731182796,0.185483870967742,0.231182795698925,0.623682795698925,0.596774193548387,0.650537634408602,0.168389784946237,0.147849462365591,0.190860215053763,372
Smi165,Ape001,Adi002,Aga002,0.202403225806452,0.18010752688172,0.225806451612903,0.627134408602151,0.599462365591398,0.653225806451613,0.170462365591398,0.150537634408602,0.190860215053763,372
Smi165,Ape001,Adi001,Aza135,0.0567795698924731,0.0483870967741935,0.0672043010752688,0.862626344086021,0.849462365591398,0.876344086021505,0.0805940860215054,0.0698924731182796,0.0913978494623656,372
Smi165,Adi002,Aru127,Aga001,0.547279569892473,0.516129032258065,0.577956989247312,0.227104838709677,0.201612903225806,0.252688172043011,0.225615591397849,0.201612903225806,0.25,372
Aza037,Ape009,Adi001,Aru127,0.869809139784946,0.852150537634409,0.887096774193548,0.0519704301075269,0.0376344086021505,0.0672043010752688,0.0782204301075269,0.0645161290322581,0.0940860215053763,372
Aza037,Asu001,Age001,Aga001,0.112344086021505,0.0967741935483871,0.129032258064516,0.81019623655914,0.790322580645161,0.827956989247312,0.0774596774193548,0.0672043010752688,0.0913978494623656,372
Aza037,Ape009,Adi002,Aza135,0.45880376344086,0.43010752688172,0.489247311827957,0.186989247311828,0.163978494623656,0.212365591397849,0.354206989247312,0.327956989247312,0.381720430107527,372
Aza037,Ape009,Aza135,Aga002,0.467268817204301,0.438172043010753,0.497311827956989,0.369225806451613,0.341397849462366,0.397849462365591,0.163505376344086,0.14247311827957,0.188172043010753,372
Aza037,Ape009,Ape001,Adi003,0.202225806451613,0.18010752688172,0.225806451612903,0.106943548387097,0.0887096774193548,0.126344086021505,0.69083064516129,0.663978494623656,0.71505376344086,372
Aza037,Ape009,Age001,Aza135,0.464317204301075,0.435483870967742,0.494623655913978,0.172962365591398,0.150537634408602,0.196236559139785,0.362720430107527,0.336021505376344,0.389784946236559,372
Aza037,Ape009,Ama006,Adi003,0.306346774193548,0.279569892473118,0.336021505376344,0.43319623655914,0.403225806451613,0.462365591397849,0.260456989247312,0.233870967741935,0.287634408602151,372
Aza037,Ape009,Ape001,Aga001,0.207037634408602,0.185483870967742,0.231182795698925,0.105284946236559,0.0887096774193548,0.126344086021505,0.687677419354839,0.661290322580645,0.712365591397849,372
Smi165,Aza135,Adi003,Aga002,0.227698924731183,0.204301075268817,0.252688172043011,0.630241935483871,0.602150537634409,0.655913978494624,0.142056451612903,0.123655913978495,0.163978494623656,372
Aza037,Asu001,Age001,Ama006,0.0602903225806452,0.0483870967741935,0.0725806451612903,0.0756801075268817,0.0645161290322581,0.0887096774193548,0.864029569892473,0.846774193548387,0.879032258064516,372
Aza037,Ape009,Age001,Adi002,0.918198924731183,0.903225806451613,0.93010752688172,0.0439435483870968,0.0349462365591398,0.0564516129032258,0.0378575268817204,0.0295698924731183,0.0483870967741935,372
Aza037,Ape009,Age001,Ape001,0.200811827956989,0.18010752688172,0.225806451612903,0.686145161290323,0.658602150537634,0.712365591397849,0.113043010752688,0.0940860215053763,0.134408602150538,372
Aza037,Asu001,Ape001,Ama018,0.225021505376344,0.201612903225806,0.25,0.264876344086022,0.239247311827957,0.293010752688172,0.510102150537634,0.481182795698925,0.540322580645161,372
Aza037,Asu001,Adi001,Adi002,0.965336021505376,0.959677419354839,0.970430107526882,0.0150672043010753,0.010752688172043,0.0188172043010753,0.0195967741935484,0.0161290322580645,0.0241935483870968,372
Aza037,Asu001,Ape001,Adi001,0.0693494623655914,0.0564516129032258,0.0833333333333333,0.841319892473118,0.82258064516129,0.860215053763441,0.0893306451612903,0.0752688172043011,0.104838709677419,372
Aza037,Asu001,Ape001,Aga002,0.0430806451612903,0.0376344086021505,0.0510752688172043,0.92569623655914,0.913978494623656,0.935483870967742,0.0312231182795699,0.0268817204301075,0.0376344086021505,372
Aza037,Ape009,Adi002,Aga001,0.886115591397849,0.868279569892473,0.903225806451613,0.0628467741935484,0.0510752688172043,0.0752688172043011,0.0510376344086022,0.0403225806451613,0.0645161290322581,372
Smi165,Ama006,Adi003,Aga002,0.246852150537634,0.223118279569892,0.271505376344086,0.600594086021505,0.57258064516129,0.626344086021505,0.15255376344086,0.131720430107527,0.174731182795699,372
Aza037,Ape009,Asu001,Aga002,0.954486559139785,0.943548387096774,0.962365591397849,0.0254327956989247,0.0188172043010753,0.032258064516129,0.0200779569892473,0.0134408602150538,0.0268817204301075,372
Aza037,Ape009,Age001,Aru127,0.863314516129032,0.844086021505376,0.881720430107527,0.0590322580645161,0.0456989247311828,0.0752688172043011,0.0776532258064516,0.0672043010752688,0.0913978494623656,372
Aza037,Ape009,Adi003,Aga001,0.891438172043011,0.873655913978495,0.908602150537634,0.05575,0.043010752688172,0.0698924731182796,0.0528118279569893,0.0403225806451613,0.0672043010752688,372
Aza037,Asu001,Ama018,Adi001,0.0553709677419355,0.043010752688172,0.0672043010752688,0.883198924731183,0.868279569892473,0.897849462365591,0.0614301075268817,0.0510752688172043,0.0725806451612903,372
Aza037,Ape009,Asu001,Adi002,0.881220430107527,0.862903225806452,0.897849462365591,0.0473010752688172,0.0349462365591398,0.0618279569892473,0.0714784946236559,0.0591397849462366,0.0860215053763441,372
Aza037,Asu001,Age001,Aru127,0.426991935483871,0.39247311827957,0.459677419354839,0.215879032258065,0.188172043010753,0.247311827956989,0.357126344086022,0.325268817204301,0.389784946236559,372
Aza037,Ape009,Adi001,Aza135,0.459086021505376,0.43010752688172,0.489247311827957,0.179572580645161,0.155913978494624,0.204301075268817,0.361341397849462,0.333333333333333,0.389784946236559,372
Aza037,Ape009,Ama018,Adi001,0.306752688172043,0.279569892473118,0.336021505376344,0.437362903225807,0.408602150537634,0.46505376344086,0.255887096774194,0.231182795698925,0.282258064516129,372
Aza037,Asu001,Age001,Adi001,0.621115591397849,0.591397849462366,0.650537634408602,0.203798387096774,0.18010752688172,0.228494623655914,0.175083333333333,0.150537634408602,0.198924731182796,372
Aza037,Ape009,Age001,Adi003,0.918956989247312,0.905913978494624,0.93010752688172,0.0471478494623656,0.0376344086021505,0.0591397849462366,0.0338951612903226,0.0268817204301075,0.043010752688172,372
Aza037,Asu001,Age001,Aza135,0.0826209677419355,0.0698924731182796,0.0994623655913978,0.0780241935483871,0.0645161290322581,0.0940860215053763,0.839354838709677,0.81989247311828,0.85752688172043,372
Aza037,Ape009,Ama006,Aga001,0.317981182795699,0.290322580645161,0.346774193548387,0.435255376344086,0.405913978494624,0.46505376344086,0.246763440860215,0.220430107526882,0.276881720430108,372
Aza037,Ape009,Ama018,Adi002,0.308064516129032,0.282258064516129,0.336021505376344,0.43589247311828,0.408602150537634,0.46505376344086,0.256043010752688,0.231182795698925,0.282258064516129,372
Aza037,Ape009,Asu001,Aza135,0.46222311827957,0.432795698924731,0.491935483870968,0.167043010752688,0.145161290322581,0.190860215053763,0.370733870967742,0.344086021505376,0.400537634408602,372
Aza037,Ape009,Age001,Aga001,0.880905913978495,0.862903225806452,0.895161290322581,0.0688225806451613,0.0564516129032258,0.0833333333333333,0.0502715053763441,0.0403225806451613,0.0645161290322581,372
Aza037,Ape009,Ape001,Aru127,0.192602150537634,0.169354838709677,0.217741935483871,0.115268817204301,0.0967741935483871,0.137096774193548,0.692129032258064,0.663978494623656,0.717741935483871,372
Aza037,Ape009,Ama018,Aru127,0.31130376344086,0.28494623655914,0.338709677419355,0.439798387096774,0.411290322580645,0.470430107526882,0.248897849462366,0.223118279569892,0.276881720430108,372
Aza037,Ape009,Asu001,Aga001,0.957483870967742,0.946236559139785,0.96505376344086,0.0178548387096774,0.0134408602150538,0.0241935483870968,0.0246612903225806,0.0188172043010753,0.032258064516129,372
Smi165,Ama006,Aru127,Aga002,0.292569892473118,0.263440860215054,0.32258064516129,0.356715053763441,0.325268817204301,0.387096774193548,0.350715053763441,0.32258064516129,0.381720430107527,372
Aza037,Asu001,Age001,Adi002,0.606231182795699,0.577956989247312,0.634408602150538,0.205639784946237,0.18010752688172,0.231182795698925,0.188126344086022,0.163978494623656,0.212365591397849,372
Aza037,Asu001,Ape001,Aru127,0.0876451612903226,0.0752688172043011,0.102150537634409,0.801986559139785,0.782258064516129,0.81989247311828,0.110368279569892,0.0967741935483871,0.126344086021505,372
Aza037,Ape009,Aru127,Aga002,0.839370967741935,0.81989247311828,0.85752688172043,0.0983494623655914,0.0833333333333333,0.115591397849462,0.0622795698924731,0.0483870967741935,0.0779569892473118,372
Aza037,Asu001,Ama018,Aga001,0.0219247311827957,0.0161290322580645,0.0295698924731183,0.966287634408602,0.959677419354839,0.973118279569892,0.0117876344086022,0.010752688172043,0.0161290322580645,372
Aza037,Ape009,Ape001,Aza135,0.165540322580645,0.145161290322581,0.188172043010753,0.109349462365591,0.0913978494623656,0.129032258064516,0.725110215053763,0.698924731182796,0.75,372
Aza037,Asu001,Ape001,Adi002,0.0687258064516129,0.0564516129032258,0.0833333333333333,0.837591397849462,0.817204301075269,0.854838709677419,0.0936827956989247,0.0806451612903226,0.10752688172043,372
Smi165,Adi003,Aga001,Aga002,0.919083333333333,0.908602150537634,0.92741935483871,0.0414462365591398,0.0376344086021505,0.0483870967741935,0.0394704301075269,0.032258064516129,0.0483870967741935,372
Aza037,Asu001,Ape001,Aza135,0.169981182795699,0.147849462365591,0.193548387096774,0.432034946236559,0.403225806451613,0.462365591397849,0.397981182795699,0.368279569892473,0.42741935483871,372
Aza037,Ape009,Aza135,Adi003,0.457075268817204,0.42741935483871,0.486559139784946,0.366263440860215,0.338709677419355,0.395161290322581,0.176661290322581,0.153225806451613,0.201612903225806,372
Aza037,Asu001,Ape001,Ama006,0.223650537634409,0.198924731182796,0.25,0.28772311827957,0.260752688172043,0.317204301075269,0.488626344086022,0.456989247311828,0.518817204301075,372
Aza037,Ape009,Ape001,Adi001,0.195806451612903,0.174731182795699,0.220430107526882,0.107435483870968,0.0887096774193548,0.126344086021505,0.696755376344086,0.669354838709677,0.723118279569892,372
Aza037,Ape009,Aza135,Aru127,0.44789247311828,0.419354838709677,0.478494623655914,0.371266129032258,0.341397849462366,0.400537634408602,0.180844086021505,0.155913978494624,0.206989247311828,372
Aza037,Ape009,Ama006,Aga002,0.31752688172043,0.290322580645161,0.346774193548387,0.442567204301075,0.411290322580645,0.473118279569892,0.239905913978495,0.212365591397849,0.268817204301075,372
Aza037,Ape009,Aru127,Aga001,0.850188172043011,0.830645161290323,0.868279569892473,0.0888387096774194,0.0752688172043011,0.104838709677419,0.0609731182795699,0.0456989247311828,0.0779569892473118,372
Aza037,Ape009,Ape001,Ama018,0.14969623655914,0.129032258064516,0.172043010752688,0.135513440860215,0.115591397849462,0.158602150537634,0.714790322580645,0.688172043010753,0.741935483870968,372
Aza037,Asu001,Ama018,Aga002,0.0180295698924731,0.0134408602150538,0.0241935483870968,0.967540322580645,0.959677419354839,0.973118279569892,0.0144327956989247,0.010752688172043,0.0188172043010753,372
Aza037,Ape009,Age001,Ama006,0.309112903225806,0.282258064516129,0.338709677419355,0.251561827956989,0.225806451612903,0.279569892473118,0.439325268817204,0.411290322580645,0.470430107526882,372
Aza037,Ape009,Adi001,Aga001,0.889793010752688,0.870967741935484,0.905913978494624,0.0573494623655914,0.0456989247311828,0.0698924731182796,0.0528575268817204,0.0403225806451613,0.0672043010752688,372
Aza037,Ape009,Adi001,Aga002,0.893379032258064,0.876344086021505,0.908602150537634,0.0613064516129032,0.0510752688172043,0.0752688172043011,0.0453118279569893,0.032258064516129,0.0591397849462366,372
Aza037,Ape009,Asu001,Aru127,0.836744623655914,0.817204301075269,0.854838709677419,0.0661129032258065,0.0510752688172043,0.0833333333333333,0.0971451612903226,0.0833333333333333,0.112903225806452,372
Aza037,Ape009,Ama018,Aga001,0.322008064516129,0.295698924731183,0.349462365591398,0.430209677419355,0.400537634408602,0.459677419354839,0.247782258064516,0.223118279569892,0.274193548387097,372
Aza037,Ape009,Adi002,Ama006,0.302166666666667,0.274193548387097,0.330645161290323,0.261572580645161,0.233870967741935,0.290322580645161,0.436260752688172,0.405913978494624,0.46505376344086,372
Aza037,Ape009,Age001,Adi001,0.920852150537634,0.905913978494624,0.932795698924731,0.047239247311828,0.0376344086021505,0.0591397849462366,0.0319086021505376,0.0241935483870968,0.043010752688172,372
Aza037,Asu001,Age001,Adi003,0.603354838709677,0.575268817204301,0.631720430107527,0.217610215053763,0.193548387096774,0.244623655913978,0.179034946236559,0.155913978494624,0.204301075268817,372
Aza037,Ape009,Ama018,Aga002,0.315623655913979,0.287634408602151,0.344086021505376,0.44025,0.411290322580645,0.470430107526882,0.244126344086021,0.220430107526882,0.271505376344086,372
Aza037,Ape009,Asu001,Adi001,0.884032258064516,0.865591397849462,0.900537634408602,0.0506075268817204,0.0376344086021505,0.0645161290322581,0.0653602150537634,0.0537634408602151,0.0779569892473118,372
Smi165,Aru127,Aga001,Aga002,0.894475806451613,0.887096774193548,0.900537634408602,0.0617983870967742,0.0564516129032258,0.0672043010752688,0.0437258064516129,0.0376344086021505,0.0510752688172043,372
Aza037,Ape009,Ama006,Aru127,0.313231182795699,0.287634408602151,0.341397849462366,0.438083333333333,0.408602150537634,0.467741935483871,0.248685483870968,0.223118279569892,0.276881720430108,372
Smi165,Aza135,Aru127,Aga002,0.274986559139785,0.247311827956989,0.303763440860215,0.391349462365591,0.360215053763441,0.422043010752688,0.333663978494624,0.303763440860215,0.362903225806452,372
Smi165,Aru127,Adi003,Aga002,0.231405913978495,0.206989247311828,0.258064516129032,0.57335752688172,0.543010752688172,0.604838709677419,0.195236559139785,0.172043010752688,0.220430107526882,372
Smi165,Aza135,Adi003,Aga001,0.237424731182796,0.21505376344086,0.260752688172043,0.613174731182796,0.586021505376344,0.639784946236559,0.149400537634409,0.129032258064516,0.169354838709677,372
Aza037,Ape009,Asu001,Ama018,0.309131720430108,0.282258064516129,0.336021505376344,0.247736559139785,0.223118279569892,0.274193548387097,0.443131720430108,0.413978494623656,0.473118279569892,372
Aza037,Ape009,Asu001,Age001,0.881260752688172,0.862903225806452,0.897849462365591,0.0423360215053763,0.0295698924731183,0.0564516129032258,0.0764059139784946,0.0645161290322581,0.0913978494623656,372
Aza037,Asu001,Age001,Ape001,0.0618951612903226,0.0510752688172043,0.0752688172043011,0.101376344086022,0.0860215053763441,0.118279569892473,0.836725806451613,0.817204301075269,0.854838709677419,372
Aza037,Ape009,Asu001,Adi003,0.882008064516129,0.862903225806452,0.897849462365591,0.0504704301075269,0.0376344086021505,0.0645161290322581,0.0675215053763441,0.0564516129032258,0.0806451612903226,372
Smi165,Aza135,Aru127,Aga001,0.277233870967742,0.25,0.306451612903226,0.387134408602151,0.35752688172043,0.419354838709677,0.335631720430108,0.306451612903226,0.365591397849462,372
Aza037,Ape009,Adi001,Adi002,0.992096774193548,0.991935483870968,0.994623655913978,5.37634408602151e-06,0,0,0.00789784946236559,0.00537634408602151,0.00806451612903226,372
Aza037,Ape009,Age001,Aga002,0.887940860215054,0.870967741935484,0.903225806451613,0.0734166666666667,0.0618279569892473,0.0887096774193548,0.0386451612903226,0.0268817204301075,0.0510752688172043,372
Aza037,Ape009,Adi001,Ama006,0.305505376344086,0.279569892473118,0.333333333333333,0.25785752688172,0.231182795698925,0.28494623655914,0.436637096774194,0.408602150537634,0.467741935483871,372
Aza037,Ape009,Ama018,Adi003,0.307922043010753,0.282258064516129,0.336021505376344,0.435346774193548,0.405913978494624,0.46505376344086,0.256731182795699,0.231182795698925,0.282258064516129,372
Aza037,Ape009,Adi003,Aga002,0.895508064516129,0.876344086021505,0.911290322580645,0.0622016129032258,0.0510752688172043,0.0752688172043011,0.0422903225806452,0.0295698924731183,0.0564516129032258,372
Aza037,Ape009,Ama018,Aza135,0.320879032258065,0.290322580645161,0.352150537634409,0.359811827956989,0.330645161290323,0.389784946236559,0.319309139784946,0.290322580645161,0.349462365591398,372
Aza037,Ape009,Asu001,Ape001,0.203965053763441,0.182795698924731,0.228494623655914,0.682268817204301,0.655913978494624,0.706989247311828,0.113766129032258,0.0967741935483871,0.134408602150538,372
Aza037,Asu001,Ama018,Adi002,0.0565698924731183,0.0456989247311828,0.0698924731182796,0.881801075268817,0.865591397849462,0.895161290322581,0.0616290322580645,0.0510752688172043,0.0725806451612903,372
Aza037,Asu001,Ape001,Aga001,0.0489193548387097,0.043010752688172,0.0564516129032258,0.917029569892473,0.905913978494624,0.92741935483871,0.0340510752688172,0.0268817204301075,0.043010752688172,372
Aza037,Ape009,Aza135,Aga001,0.474021505376344,0.443548387096774,0.502688172043011,0.360591397849462,0.333333333333333,0.389784946236559,0.165387096774194,0.14247311827957,0.190860215053763,372
Aza037,Ape009,Aga001,Aga002,0.974032258064516,0.967741935483871,0.978494623655914,0.0195241935483871,0.0161290322580645,0.0241935483870968,0.00644354838709677,0.00537634408602151,0.010752688172043,372
Aza037,Asu001,Ape001,Adi003,0.0696693548387097,0.0564516129032258,0.0833333333333333,0.839112903225806,0.81989247311828,0.85752688172043,0.0912177419354839,0.0779569892473118,0.10752688172043,372
Smi165,Aru127,Adi003,Aga001,0.232198924731183,0.206989247311828,0.258064516129032,0.563774193548387,0.53494623655914,0.594086021505376,0.204029569892473,0.18010752688172,0.228494623655914,372
Aza037,Asu001,Age001,Aga002,0.10860752688172,0.0913978494623656,0.126344086021505,0.795991935483871,0.774193548387097,0.814516129032258,0.0954005376344086,0.0833333333333333,0.110215053763441,372
Aza037,Ape009,Ama018,Ama006,0.655037634408602,0.626344086021505,0.682795698924731,0.162951612903226,0.139784946236559,0.188172043010753,0.182010752688172,0.158602150537634,0.206989247311828,372
Aza037,Ape009,Asu001,Ama006,0.316034946236559,0.287634408602151,0.344086021505376,0.247967741935484,0.220430107526882,0.276881720430108,0.435997311827957,0.405913978494624,0.467741935483871,372
Smi165,Aza135,Aru127,Adi003,0.223432795698925,0.198924731182796,0.25,0.16064247311828,0.137096774193548,0.185483870967742,0.615922043010753,0.586021505376344,0.645161290322581,372
Aza037,Ape009,Adi002,Aru127,0.871811827956989,0.852150537634409,0.889784946236559,0.0542634408602151,0.0403225806451613,0.0698924731182796,0.0739247311827957,0.0618279569892473,0.0887096774193548,372
Aza037,Ape009,Ape001,Ama006,0.123295698924731,0.104838709677419,0.145161290322581,0.134115591397849,0.112903225806452,0.158602150537634,0.742588709677419,0.71505376344086,0.768817204301075,372
Aza037,Ape009,Ape001,Adi002,0.195809139784946,0.174731182795699,0.220430107526882,0.107443548387097,0.0887096774193548,0.126344086021505,0.696747311827957,0.669354838709677,0.723118279569892,372
Aza037,Ape009,Adi002,Aga002,0.889505376344086,0.870967741935484,0.905913978494624,0.0694166666666667,0.0591397849462366,0.0833333333333333,0.0410779569892473,0.0295698924731183,0.0537634408602151,372
Aza037,Ape009,Adi001,Adi003,0.983706989247312,0.981182795698925,0.983870967741935,0.00812903225806452,0.00806451612903226,0.00806451612903226,0.00816397849462366,0.00806451612903226,0.010752688172043,372
Aza037,Ape009,Adi002,Adi003,0.978397849462366,0.975806451612903,0.978494623655914,0.0134569892473118,0.0134408602150538,0.0134408602150538,0.00814516129032258,0.00806451612903226,0.010752688172043,372
Aza037,Ape009,Age001,Ama018,0.299827956989247,0.274193548387097,0.327956989247312,0.251997311827957,0.225806451612903,0.279569892473118,0.448174731182796,0.419354838709677,0.478494623655914,372
Aza037,Ape009,Ape001,Aga002,0.197965053763441,0.174731182795699,0.223118279569892,0.115943548387097,0.0967741935483871,0.137096774193548,0.686088709677419,0.658602150537634,0.712365591397849,372
Aza037,Ape009,Aru127,Adi003,0.865327956989247,0.846774193548387,0.884408602150538,0.0785241935483871,0.0645161290322581,0.0940860215053763,0.0561478494623656,0.043010752688172,0.0725806451612903,372
Aza037,Ape009,Ama006,Aza135,0.327543010752688,0.298387096774194,0.360215053763441,0.348768817204301,0.317204301075269,0.381720430107527,0.323688172043011,0.293010752688172,0.35752688172043,372
Aza037,Asu001,Age001,Ama018,0.0457956989247312,0.0349462365591398,0.0591397849462366,0.0657795698924731,0.0564516129032258,0.0779569892473118,0.888424731182796,0.873655913978495,0.903225806451613,372
Aza037,Ape001,Ama006,Adi003,0.275583333333333,0.247311827956989,0.303763440860215,0.493209677419355,0.462365591397849,0.524193548387097,0.231206989247312,0.206989247311828,0.258064516129032,372
Aza037,Age001,Adi003,Aga001,0.215672043010753,0.190860215053763,0.241935483870968,0.196056451612903,0.172043010752688,0.220430107526882,0.588271505376344,0.559139784946237,0.615591397849462,372
Aza037,Asu001,Aru127,Aga002,0.0798870967741935,0.0672043010752688,0.0967741935483871,0.86336559139785,0.844086021505376,0.881720430107527,0.056747311827957,0.0456989247311828,0.0698924731182796,372
Aza037,Age001,Ama006,Adi003,0.0451827956989247,0.0349462365591398,0.0564516129032258,0.919629032258064,0.905913978494624,0.932795698924731,0.0351881720430108,0.0268817204301075,0.0456989247311828,372
Aza037,Age001,Aza135,Aga002,0.0804032258064516,0.0672043010752688,0.0967741935483871,0.845306451612903,0.825268817204301,0.862903225806452,0.0742903225806452,0.0618279569892473,0.0887096774193548,372
Aza037,Age001,Ape001,Ama018,0.234690860215054,0.209677419354839,0.260752688172043,0.260370967741936,0.233870967741935,0.287634408602151,0.504938172043011,0.475806451612903,0.53494623655914,372
Aza037,Age001,Ama018,Ama006,0.648814516129032,0.620967741935484,0.674731182795699,0.189112903225806,0.169354838709677,0.212365591397849,0.162072580645161,0.14247311827957,0.185483870967742,372
Aza037,Ape001,Adi002,Adi003,0.967690860215054,0.96505376344086,0.967741935483871,0.0161102150537634,0.0161290322580645,0.0161290322580645,0.0161962365591398,0.0161290322580645,0.0188172043010753,372
Aza037,Asu001,Adi002,Aru127,0.428927419354839,0.395161290322581,0.462365591397849,0.204201612903226,0.17741935483871,0.231182795698925,0.366870967741936,0.336021505376344,0.397849462365591,372
Aza037,Age001,Ama006,Aza135,0.209002688172043,0.182795698924731,0.236559139784946,0.490209677419355,0.459677419354839,0.521505376344086,0.300790322580645,0.274193548387097,0.330645161290323,372
Aza037,Ape001,Adi001,Adi002,0.981061827956989,0.978494623655914,0.983870967741935,0.00811290322580645,0.00806451612903226,0.00806451612903226,0.0108252688172043,0.00806451612903226,0.0134408602150538,372
Aza037,Ape001,Adi002,Aru127,0.833126344086021,0.814516129032258,0.849462365591398,0.0761505376344086,0.0645161290322581,0.0887096774193548,0.0907231182795699,0.0779569892473118,0.104838709677419,372
Aza037,Age001,Ama018,Aru127,0.0790430107526882,0.0698924731182796,0.0913978494623656,0.860943548387097,0.846774193548387,0.876344086021505,0.060010752688172,0.0510752688172043,0.0725806451612903,372
Aza037,Age001,Ape001,Ama006,0.232260752688172,0.206989247311828,0.258064516129032,0.281212365591398,0.252688172043011,0.309139784946237,0.486529569892473,0.456989247311828,0.516129032258065,372
Aza037,Asu001,Ama006,Aza135,0.205352150537634,0.18010752688172,0.231182795698925,0.487596774193548,0.456989247311828,0.518817204301075,0.307048387096774,0.279569892473118,0.336021505376344,372
Aza037,Ape001,Adi001,Aga001,0.85852688172043,0.838709677419355,0.876344086021505,0.0805430107526882,0.0672043010752688,0.0940860215053763,0.0609301075268817,0.0483870967741935,0.0752688172043011,372
Aza037,Ape001,Adi001,Aza135,0.418338709677419,0.389784946236559,0.448924731182796,0.196911290322581,0.174731182795699,0.220430107526882,0.38475,0.35752688172043,0.413978494623656,372
Aza037,Age001,Aru127,Aga001,0.246747311827957,0.217741935483871,0.276881720430108,0.357016129032258,0.327956989247312,0.387096774193548,0.396236559139785,0.365591397849462,0.42741935483871,372
Aza037,Age001,Ama018,Adi002,0.0426693548387097,0.0349462365591398,0.0537634408602151,0.935309139784946,0.924731182795699,0.946236559139785,0.0220241935483871,0.0161290322580645,0.0295698924731183,372
Aza037,Age001,Adi001,Aga002,0.183967741935484,0.161290322580645,0.209677419354839,0.189430107526882,0.163978494623656,0.21505376344086,0.626604838709677,0.596774193548387,0.655913978494624,372
Aza037,Age001,Adi001,Aru127,0.216922043010753,0.190860215053763,0.244623655913978,0.173206989247312,0.147849462365591,0.198924731182796,0.609873655913978,0.577956989247312,0.639784946236559,372
Aza037,Ape001,Ama018,Adi003,0.264309139784946,0.239247311827957,0.293010752688172,0.505129032258064,0.475806451612903,0.53494623655914,0.230561827956989,0.206989247311828,0.258064516129032,372
Aza037,Asu001,Aza135,Aru127,0.0812338709677419,0.0672043010752688,0.0967741935483871,0.82141935483871,0.801075268817204,0.841397849462366,0.0973467741935484,0.0833333333333333,0.112903225806452,372
Aza037,Asu001,Aza135,Aga002,0.026739247311828,0.021505376344086,0.0349462365591398,0.949346774193548,0.938172043010753,0.956989247311828,0.0239139784946237,0.0188172043010753,0.032258064516129,372
Aza037,Ape001,Ama006,Aga001,0.284897849462366,0.255376344086022,0.314516129032258,0.488685483870968,0.456989247311828,0.521505376344086,0.226416666666667,0.201612903225806,0.252688172043011,372
Aza037,Asu001,Adi002,Adi003,0.954301075268817,0.948924731182796,0.956989247311828,0.0250860215053763,0.0241935483870968,0.0295698924731183,0.0206129032258065,0.0161290322580645,0.0241935483870968,372
Aza037,Asu001,Aga001,Aga002,0.803881720430108,0.78494623655914,0.82258064516129,0.0748817204301075,0.0618279569892473,0.0913978494623656,0.121236559139785,0.104838709677419,0.137096774193548,372
Aza037,Age001,Ama018,Aga002,0.0687258064516129,0.0564516129032258,0.0806451612903226,0.888809139784946,0.873655913978495,0.903225806451613,0.0424650537634409,0.032258064516129,0.0564516129032258,372
Aza037,Asu001,Aza135,Adi003,0.0547096774193548,0.043010752688172,0.0672043010752688,0.846733870967742,0.827956989247312,0.865591397849462,0.0985564516129032,0.0833333333333333,0.115591397849462,372
Aza037,Asu001,Adi002,Ama006,0.0614784946236559,0.0483870967741935,0.0752688172043011,0.0736505376344086,0.0618279569892473,0.0860215053763441,0.864868279569892,0.849462365591398,0.879032258064516,372
Aza037,Age001,Adi002,Aru127,0.226975806451613,0.198924731182796,0.255376344086022,0.176806451612903,0.150537634408602,0.204301075268817,0.596217741935484,0.564516129032258,0.629032258064516,372
Aza037,Age001,Aza135,Adi003,0.0359838709677419,0.0268817204301075,0.0456989247311828,0.901403225806452,0.887096774193548,0.916666666666667,0.0626129032258065,0.0510752688172043,0.0752688172043011,372
Aza037,Asu001,Ama018,Aza135,0.187491935483871,0.163978494623656,0.212365591397849,0.512096774193548,0.481182795698925,0.543010752688172,0.300413978494624,0.274193548387097,0.327956989247312,372
Aza037,Age001,Aga001,Aga002,0.890935483870968,0.881720430107527,0.897849462365591,0.052741935483871,0.0483870967741935,0.0591397849462366,0.0563225806451613,0.0510752688172043,0.0645161290322581,372
Aza037,Asu001,Adi003,Aga001,0.0954569892473118,0.0806451612903226,0.112903225806452,0.829658602150538,0.809139784946237,0.846774193548387,0.0748870967741936,0.0618279569892473,0.0887096774193548,372
Aza037,Age001,Ama018,Adi003,0.0429758064516129,0.0349462365591398,0.0537634408602151,0.934655913978495,0.922043010752688,0.946236559139785,0.0223682795698925,0.0161290322580645,0.0295698924731183,372
Aza037,Age001,Adi002,Aga001,0.206395161290323,0.182795698924731,0.231182795698925,0.205637096774194,0.182795698924731,0.231182795698925,0.587967741935484,0.559139784946237,0.615591397849462,372
Aza037,Age001,Ama006,Aru127,0.0702177419354839,0.0591397849462366,0.0833333333333333,0.863561827956989,0.846774193548387,0.879032258064516,0.0662204301075269,0.0564516129032258,0.0779569892473118,372
Aza037,Ape001,Ama018,Adi002,0.265516129032258,0.239247311827957,0.293010752688172,0.503564516129032,0.473118279569892,0.53494623655914,0.23091935483871,0.206989247311828,0.258064516129032,372
Aza037,Asu001,Ama018,Adi003,0.0563306451612903,0.0456989247311828,0.0698924731182796,0.88205376344086,0.868279569892473,0.895161290322581,0.0616155913978495,0.0510752688172043,0.0725806451612903,372
Aza037,Ape001,Adi002,Aga001,0.854311827956989,0.836021505376344,0.870967741935484,0.0837231182795699,0.0725806451612903,0.0967741935483871,0.0619650537634409,0.0483870967741935,0.0752688172043011,372
Aza037,Asu001,Ama018,Ama006,0.644336021505376,0.618279569892473,0.669354838709677,0.192024193548387,0.172043010752688,0.21505376344086,0.163639784946237,0.14247311827957,0.185483870967742,372
Aza037,Asu001,Aza135,Aga001,0.0263575268817204,0.021505376344086,0.0349462365591398,0.95664247311828,0.946236559139785,0.962365591397849,0.017002688172043,0.0134408602150538,0.0241935483870968,372
Aza037,Ape001,Adi002,Aga002,0.847674731182796,0.827956989247312,0.865591397849462,0.0895618279569892,0.0779569892473118,0.102150537634409,0.0627634408602151,0.0510752688172043,0.0779569892473118,372
Aza037,Ape001,Adi002,Aza135,0.414720430107527,0.387096774193548,0.443548387096774,0.204182795698925,0.18010752688172,0.228494623655914,0.381096774193548,0.352150537634409,0.408602150537634,372
Aza037,Age001,Adi002,Aza135,0.038752688172043,0.0295698924731183,0.0510752688172043,0.0634623655913979,0.0537634408602151,0.0752688172043011,0.897784946236559,0.881720430107527,0.911290322580645,372
Aza037,Asu001,Adi002,Aga001,0.0987822580645161,0.0833333333333333,0.115591397849462,0.828913978494624,0.809139784946237,0.846774193548387,0.0723064516129032,0.0591397849462366,0.0860215053763441,372
Aza037,Ape001,Ama018,Aza135,0.287024193548387,0.258064516129032,0.317204301075269,0.380790322580645,0.349462365591398,0.413978494623656,0.332182795698925,0.303763440860215,0.362903225806452,372
Aza037,Ape001,Ama006,Aza135,0.322255376344086,0.293010752688172,0.354838709677419,0.363134408602151,0.333333333333333,0.395161290322581,0.314610215053763,0.28494623655914,0.344086021505376,372
Aza037,Ape001,Adi001,Aru127,0.833677419354839,0.817204301075269,0.849462365591398,0.0774516129032258,0.0645161290322581,0.0913978494623656,0.0888709677419355,0.0752688172043011,0.102150537634409,372
Aza037,Asu001,Adi001,Ama006,0.0539489247311828,0.043010752688172,0.0672043010752688,0.0735752688172043,0.0618279569892473,0.0860215053763441,0.872475806451613,0.854838709677419,0.887096774193548,372
Aza037,Age001,Ape001,Aga002,0.0967688172043011,0.0833333333333333,0.112903225806452,0.840139784946237,0.82258064516129,0.85752688172043,0.0630940860215054,0.0510752688172043,0.0752688172043011,372
Aza037,Age001,Aru127,Adi003,0.217298387096774,0.190860215053763,0.244623655913978,0.59866935483871,0.567204301075269,0.629032258064516,0.184029569892473,0.158602150537634,0.212365591397849,372
Aza037,Age001,Adi002,Aga002,0.187059139784946,0.163978494623656,0.212365591397849,0.202548387096774,0.17741935483871,0.228494623655914,0.610395161290323,0.580645161290323,0.639784946236559,372
Aza037,Ape001,Ama018,Aru127,0.27939247311828,0.252688172043011,0.309139784946237,0.501317204301075,0.470430107526882,0.532258064516129,0.219290322580645,0.193548387096774,0.247311827956989,372
Aza037,Ape001,Ama006,Aru127,0.287685483870968,0.258064516129032,0.317204301075269,0.490838709677419,0.459677419354839,0.521505376344086,0.221475806451613,0.196236559139785,0.247311827956989,372
Aza037,Asu001,Aru127,Adi003,0.416448924731183,0.384408602150538,0.448924731182796,0.371483870967742,0.341397849462366,0.403225806451613,0.212067204301075,0.185483870967742,0.241935483870968,372
Aza037,Asu001,Adi002,Aza135,0.060244623655914,0.0483870967741935,0.0752688172043011,0.0994516129032258,0.0860215053763441,0.115591397849462,0.84030376344086,0.81989247311828,0.85752688172043,372
Aza037,Ape001,Ama018,Adi001,0.265435483870968,0.239247311827957,0.293010752688172,0.503110215053764,0.473118279569892,0.532258064516129,0.231456989247312,0.206989247311828,0.258064516129032,372
Aza037,Age001,Adi001,Adi002,0.945010752688172,0.938172043010753,0.951612903225806,0.0169569892473118,0.0161290322580645,0.021505376344086,0.0380322580645161,0.032258064516129,0.0456989247311828,372
Aza037,Age001,Adi001,Aza135,0.0361451612903226,0.0268817204301075,0.0483870967741935,0.0589516129032258,0.0483870967741935,0.0698924731182796,0.904903225806452,0.889784946236559,0.919354838709677,372
Aza037,Asu001,Adi001,Aga001,0.0992258064516129,0.0860215053763441,0.115591397849462,0.823413978494624,0.803763440860215,0.841397849462366,0.0773602150537634,0.0645161290322581,0.0913978494623656,372
Aza037,Age001,Adi001,Aga001,0.202833333333333,0.17741935483871,0.228494623655914,0.194567204301075,0.169354838709677,0.220430107526882,0.602599462365591,0.575268817204301,0.631720430107527,372
Aza037,Asu001,Adi003,Aga002,0.0938548387096774,0.0779569892473118,0.112903225806452,0.809497311827957,0.787634408602151,0.827956989247312,0.0966478494623656,0.0833333333333333,0.112903225806452,372
Aza037,Age001,Adi003,Aga002,0.198534946236559,0.174731182795699,0.223118279569892,0.198024193548387,0.174731182795699,0.223118279569892,0.603440860215054,0.575268817204301,0.631720430107527,372
Aza037,Age001,Ape001,Aru127,0.0811182795698925,0.0672043010752688,0.0940860215053763,0.824241935483871,0.806451612903226,0.841397849462366,0.0946424731182796,0.0833333333333333,0.10752688172043,372
Aza037,Age001,Ama006,Aga002,0.0719139784946237,0.0591397849462366,0.0860215053763441,0.870889784946237,0.854838709677419,0.887096774193548,0.0571962365591398,0.0456989247311828,0.0698924731182796,372
Aza037,Asu001,Adi002,Aga002,0.0900456989247312,0.0752688172043011,0.10752688172043,0.819016129032258,0.798387096774194,0.838709677419355,0.0909381720430108,0.0779569892473118,0.10752688172043,372
Aza037,Age001,Ape001,Aga001,0.0941612903225806,0.0806451612903226,0.110215053763441,0.847825268817204,0.830645161290323,0.865591397849462,0.0580134408602151,0.0483870967741935,0.0698924731182796,372
Aza037,Asu001,Adi001,Aga002,0.0916774193548387,0.0779569892473118,0.10752688172043,0.809282258064516,0.787634408602151,0.827956989247312,0.0990403225806452,0.0860215053763441,0.115591397849462,372
Aza037,Asu001,Ama018,Aru127,0.0868548387096774,0.0752688172043011,0.102150537634409,0.850688172043011,0.833333333333333,0.865591397849462,0.0624569892473118,0.0510752688172043,0.0752688172043011,372
Aza037,Age001,Ama018,Adi001,0.0421290322580645,0.032258064516129,0.0510752688172043,0.937634408602151,0.924731182795699,0.948924731182796,0.0202338709677419,0.0134408602150538,0.0295698924731183,372
Aza037,Age001,Ama018,Aza135,0.184916666666667,0.161290322580645,0.209677419354839,0.512172043010753,0.481182795698925,0.543010752688172,0.302908602150538,0.276881720430108,0.330645161290323,372
Aza037,Asu001,Adi001,Aru127,0.424198924731183,0.39247311827957,0.456989247311828,0.208806451612903,0.182795698924731,0.236559139784946,0.366997311827957,0.336021505376344,0.397849462365591,372
Aza037,Age001,Aru127,Aga002,0.25222311827957,0.223118279569892,0.282258064516129,0.364922043010753,0.336021505376344,0.395161290322581,0.382854838709677,0.352150537634409,0.413978494623656,372
Aza037,Age001,Ape001,Adi002,0.0573951612903226,0.0483870967741935,0.0698924731182796,0.886481182795699,0.873655913978495,0.897849462365591,0.0561236559139785,0.0483870967741935,0.0672043010752688,372
Aza037,Age001,Ape001,Adi003,0.0639005376344086,0.0537634408602151,0.0752688172043011,0.879432795698925,0.865591397849462,0.89247311827957,0.0566666666666667,0.0483870967741935,0.0672043010752688,372
Aza037,Ape001,Ama018,Aga001,0.269021505376344,0.241935483870968,0.298387096774194,0.503862903225807,0.473118279569892,0.53494623655914,0.227112903225806,0.201612903225806,0.252688172043011,372
Aza037,Age001,Adi001,Adi003,0.931408602150538,0.924731182795699,0.935483870967742,0.0223870967741935,0.021505376344086,0.0268817204301075,0.0462043010752688,0.043010752688172,0.0510752688172043,372
Aza037,Ape001,Ama018,Ama006,0.658470430107527,0.629032258064516,0.685483870967742,0.162228494623656,0.139784946236559,0.185483870967742,0.179301075268817,0.158602150537634,0.204301075268817,372
Aza037,Age001,Adi001,Ama006,0.0329112903225806,0.021505376344086,0.0456989247311828,0.0381532258064516,0.0295698924731183,0.0483870967741935,0.928935483870968,0.913978494623656,0.940860215053763,372
Aza037,Age001,Aza135,Aga001,0.0776693548387097,0.0645161290322581,0.0913978494623656,0.85083064516129,0.830645161290323,0.868279569892473,0.0715,0.0591397849462366,0.0860215053763441,372
Aza037,Age001,Adi002,Adi003,0.943771505376344,0.938172043010753,0.948924731182796,0.0261801075268817,0.021505376344086,0.032258064516129,0.0300483870967742,0.0268817204301075,0.0349462365591398,372
Aza037,Asu001,Ama006,Aga001,0.0220887096774194,0.0161290322580645,0.0295698924731183,0.958298387096774,0.951612903225806,0.96505376344086,0.0196129032258065,0.0161290322580645,0.0241935483870968,372
Aza037,Ape001,Adi001,Adi003,0.975411290322581,0.973118279569892,0.975806451612903,0.0108306451612903,0.010752688172043,0.0134408602150538,0.013758064516129,0.0134408602150538,0.0161290322580645,372
Aza037,Age001,Ape001,Aza135,0.189322580645161,0.166666666666667,0.212365591397849,0.423736559139785,0.395161290322581,0.454301075268817,0.386940860215054,0.35752688172043,0.416666666666667,372
Aza037,Age001,Ape001,Adi001,0.0578037634408602,0.0483870967741935,0.0672043010752688,0.889370967741935,0.876344086021505,0.900537634408602,0.0528252688172043,0.0456989247311828,0.0618279569892473,372
Aza037,Ape001,Adi001,Aga002,0.852704301075269,0.833333333333333,0.870967741935484,0.0832768817204301,0.0725806451612903,0.0967741935483871,0.0640188172043011,0.0510752688172043,0.0779569892473118,372
Aza037,Ape001,Adi001,Ama006,0.275623655913978,0.247311827956989,0.303763440860215,0.229212365591398,0.204301075268817,0.255376344086022,0.495166666666667,0.46505376344086,0.526881720430108,372
Aza037,Asu001,Ama006,Adi003,0.0592715053763441,0.0483870967741935,0.0725806451612903,0.868099462365591,0.852150537634409,0.884408602150538,0.0726317204301075,0.0618279569892473,0.0860215053763441,372
Aza037,Age001,Ama006,Aga001,0.0685645161290323,0.0564516129032258,0.0833333333333333,0.874271505376344,0.85752688172043,0.889784946236559,0.0571639784946237,0.0456989247311828,0.0698924731182796,372
Aza037,Asu001,Aru127,Aga001,0.0818897849462366,0.0672043010752688,0.0967741935483871,0.870104838709677,0.852150537634409,0.887096774193548,0.048002688172043,0.0376344086021505,0.0618279569892473,372
Aza037,Age001,Ama018,Aga001,0.0709166666666667,0.0591397849462366,0.0833333333333333,0.891510752688172,0.876344086021505,0.905913978494624,0.0375725806451613,0.0268817204301075,0.0510752688172043,372
Aza037,Ape001,Adi002,Ama006,0.272346774193548,0.244623655913978,0.301075268817204,0.232862903225806,0.206989247311828,0.260752688172043,0.494790322580645,0.46505376344086,0.526881720430108,372
Aza037,Asu001,Adi001,Aza135,0.0642741935483871,0.0510752688172043,0.0779569892473118,0.0951639784946237,0.0806451612903226,0.110215053763441,0.840561827956989,0.81989247311828,0.860215053763441,372
Aza037,Asu001,Ama006,Aru127,0.0853548387096774,0.0752688172043011,0.0994623655913978,0.836298387096774,0.81989247311828,0.849462365591398,0.0783467741935484,0.0672043010752688,0.0913978494623656,372
Aza037,Age001,Aza135,Aru127,0.0719381720430108,0.0591397849462366,0.0860215053763441,0.827602150537634,0.809139784946237,0.844086021505376,0.100459677419355,0.0887096774193548,0.112903225806452,372
Aza037,Age001,Adi002,Ama006,0.0412284946236559,0.0295698924731183,0.0537634408602151,0.038252688172043,0.0295698924731183,0.0483870967741935,0.920521505376344,0.905913978494624,0.932795698924731,372
Aza037,Asu001,Ama006,Aga002,0.0190349462365591,0.0134408602150538,0.0241935483870968,0.961465053763441,0.954301075268817,0.967741935483871,0.019502688172043,0.0161290322580645,0.0241935483870968,372
Aza037,Ape001,Ama018,Aga002,0.268150537634409,0.241935483870968,0.295698924731183,0.501588709677419,0.470430107526882,0.532258064516129,0.230260752688172,0.204301075268817,0.258064516129032,372
Aza037,Asu001,Adi001,Adi003,0.953615591397849,0.948924731182796,0.956989247311828,0.0241370967741935,0.021505376344086,0.0295698924731183,0.02225,0.021505376344086,0.0268817204301075,372
Aza037,Ama006,Aza135,Aga002,0.499758064516129,0.470430107526882,0.529569892473118,0.304462365591398,0.276881720430108,0.333333333333333,0.195779569892473,0.172043010752688,0.223118279569892,372
Aza037,Adi002,Aza135,Adi003,0.0105940860215054,0.00806451612903226,0.0134408602150538,0.97877688172043,0.975806451612903,0.981182795698925,0.0106290322580645,0.00806451612903226,0.0134408602150538,372
Aza037,Adi002,Aru127,Adi003,0.00549462365591398,0.00268817204301075,0.00806451612903226,0.983126344086022,0.978494623655914,0.986559139784946,0.0113790322580645,0.00806451612903226,0.0161290322580645,372
Aza037,Ama006,Aza135,Aga001,0.499024193548387,0.470430107526882,0.529569892473118,0.305849462365591,0.279569892473118,0.333333333333333,0.195126344086022,0.172043010752688,0.220430107526882,372
Aza037,Aru127,Aga001,Aga002,0.934153225806452,0.924731182795699,0.943548387096774,0.0299247311827957,0.0241935483870968,0.0376344086021505,0.0359220430107527,0.0295698924731183,0.043010752688172,372
Aza037,Adi001,Adi002,Aza135,0.00723924731182796,0.00537634408602151,0.00806451612903226,0.0136155913978495,0.0134408602150538,0.0161290322580645,0.979147849462366,0.975806451612903,0.981182795698925,372
Aza037,Ama018,Adi001,Aza135,0.499077956989247,0.470430107526882,0.529569892473118,0.188690860215054,0.166666666666667,0.212365591397849,0.312231182795699,0.287634408602151,0.338709677419355,372
Aza037,Ama018,Aza135,Adi003,0.493360215053763,0.46505376344086,0.524193548387097,0.315758064516129,0.290322580645161,0.344086021505376,0.190881720430108,0.166666666666667,0.21505376344086,372
Aza037,Ama018,Aru127,Adi003,0.859432795698925,0.844086021505376,0.873655913978495,0.0696317204301075,0.0591397849462366,0.0833333333333333,0.0709354838709677,0.0618279569892473,0.0833333333333333,372
Aza037,Ape001,Aru127,Aga002,0.819623655913978,0.801075268817204,0.838709677419355,0.109827956989247,0.0967741935483871,0.126344086021505,0.0705483870967742,0.0591397849462366,0.0860215053763441,372
Aza037,Aza135,Adi003,Aga002,0.858370967741936,0.838709677419355,0.876344086021505,0.0917177419354839,0.0779569892473118,0.10752688172043,0.0499112903225806,0.0403225806451613,0.0618279569892473,372
Aza037,Adi001,Aza135,Aru127,0.0725618279569892,0.0618279569892473,0.0860215053763441,0.846104838709677,0.827956989247312,0.862903225806452,0.0813333333333333,0.0698924731182796,0.0967741935483871,372
Aza037,Aza135,Aga001,Aga002,0.963180107526882,0.956989247311828,0.967741935483871,0.0145887096774194,0.0134408602150538,0.0188172043010753,0.0222311827956989,0.0188172043010753,0.0268817204301075,372
Aza037,Ama006,Adi003,Aga001,0.880059139784946,0.862903225806452,0.895161290322581,0.0664032258064516,0.0537634408602151,0.0806451612903226,0.0535376344086022,0.0403225806451613,0.0672043010752688,372
Aza037,Adi001,Adi003,Aga002,0.0181370967741935,0.0161290322580645,0.021505376344086,0.0166559139784946,0.0161290322580645,0.0188172043010753,0.965206989247312,0.959677419354839,0.967741935483871,372
Aza037,Ama018,Aza135,Aga002,0.512991935483871,0.481182795698925,0.543010752688172,0.308244623655914,0.279569892473118,0.336021505376344,0.178763440860215,0.155913978494624,0.204301075268817,372
Aza037,Ama018,Adi002,Aru127,0.858733870967742,0.844086021505376,0.870967741935484,0.0725241935483871,0.0618279569892473,0.0833333333333333,0.068741935483871,0.0591397849462366,0.0806451612903226,372
Aza037,Ama018,Adi001,Adi003,0.994518817204301,0.991935483870968,0.994623655913978,0.00273924731182796,0.00268817204301075,0.00268817204301075,0.00274462365591398,0.00268817204301075,0.00268817204301075,372
Aza037,Adi002,Adi003,Aga002,0.0204784946236559,0.0188172043010753,0.0241935483870968,0.0190403225806452,0.0161290322580645,0.021505376344086,0.960483870967742,0.956989247311828,0.962365591397849,372
Ape009,Asu001,Age001,Ama018,0.074739247311828,0.0618279569892473,0.0887096774193548,0.066239247311828,0.0537634408602151,0.0806451612903226,0.859021505376344,0.841397849462366,0.876344086021505,372
Aza037,Ama018,Adi002,Aga002,0.895131720430107,0.881720430107527,0.908602150537634,0.0596236559139785,0.0510752688172043,0.0698924731182796,0.045247311827957,0.0349462365591398,0.0591397849462366,372
Aza037,Adi002,Ama006,Aga002,0.0672258064516129,0.0564516129032258,0.0806451612903226,0.875115591397849,0.85752688172043,0.889784946236559,0.0576586021505376,0.0456989247311828,0.0725806451612903,372
Aza037,Aru127,Adi003,Aga001,0.374905913978495,0.344086021505376,0.408602150537634,0.238432795698925,0.209677419354839,0.268817204301075,0.386663978494624,0.354838709677419,0.419354838709677,372
Aza037,Adi002,Ama006,Aga001,0.0677177419354839,0.0564516129032258,0.0806451612903226,0.87889247311828,0.862903225806452,0.895161290322581,0.0533897849462366,0.0403225806451613,0.0672043010752688,372
Aza037,Adi001,Ama006,Adi003,0.0109354838709677,0.010752688172043,0.0134408602150538,0.980836021505376,0.978494623655914,0.981182795698925,0.0082258064516129,0.00806451612903226,0.010752688172043,372
Aza037,Adi001,Aru127,Aga002,0.236564516129032,0.209677419354839,0.266129032258065,0.36389247311828,0.333333333333333,0.395161290322581,0.399545698924731,0.368279569892473,0.432795698924731,372
Aza037,Aza135,Aru127,Aga002,0.822336021505376,0.801075268817204,0.841397849462366,0.0989623655913978,0.0833333333333333,0.115591397849462,0.0787016129032258,0.0672043010752688,0.0940860215053763,372
Aza037,Ama018,Adi003,Aga001,0.894744623655914,0.879032258064516,0.908602150537634,0.0619758064516129,0.0510752688172043,0.0752688172043011,0.0432795698924731,0.032258064516129,0.0564516129032258,372
Aza037,Ama006,Aru127,Aga001,0.852362903225806,0.836021505376344,0.868279569892473,0.0768306451612903,0.0672043010752688,0.0887096774193548,0.0708037634408602,0.0591397849462366,0.0833333333333333,372
Aza037,Adi001,Adi002,Aga002,0.0140295698924731,0.010752688172043,0.0188172043010753,0.0166532258064516,0.0134408602150538,0.0188172043010753,0.969317204301075,0.96505376344086,0.973118279569892,372
Aza037,Ama018,Ama006,Aga002,0.188975806451613,0.166666666666667,0.212365591397849,0.169838709677419,0.150537634408602,0.190860215053763,0.641188172043011,0.612903225806452,0.666666666666667,372
Aza037,Adi002,Ama006,Adi003,0.0081747311827957,0.00806451612903226,0.010752688172043,0.986212365591398,0.983870967741935,0.986559139784946,0.00561290322580645,0.00537634408602151,0.00806451612903226,372
Aza037,Ama018,Aga001,Aga002,0.982895161290323,0.975806451612903,0.986559139784946,0.00611827956989247,0.00537634408602151,0.010752688172043,0.0109838709677419,0.00806451612903226,0.0161290322580645,372
Aza037,Adi002,Aru127,Aga001,0.230838709677419,0.201612903225806,0.260752688172043,0.372577956989247,0.341397849462366,0.405913978494624,0.396583333333333,0.362903225806452,0.43010752688172,372
Aza037,Adi002,Ama006,Aru127,0.072260752688172,0.0618279569892473,0.0833333333333333,0.856658602150538,0.841397849462366,0.870967741935484,0.0710806451612903,0.0618279569892473,0.0833333333333333,372
Aza037,Ama018,Adi002,Aga001,0.893951612903226,0.879032258064516,0.908602150537634,0.0641666666666667,0.0537634408602151,0.0752688172043011,0.0418817204301075,0.0295698924731183,0.0537634408602151,372
Aza037,Adi001,Ama006,Aru127,0.0751639784946237,0.0645161290322581,0.0860215053763441,0.857766129032258,0.841397849462366,0.870967741935484,0.0670672043010753,0.0564516129032258,0.0779569892473118,372
Aza037,Ama018,Ama006,Adi003,0.182545698924731,0.161290322580645,0.204301075268817,0.175126344086022,0.155913978494624,0.196236559139785,0.642327956989247,0.615591397849462,0.669354838709677,372
Aza037,Ama018,Adi001,Ama006,0.17958064516129,0.158602150537634,0.201612903225806,0.644645161290323,0.618279569892473,0.672043010752688,0.175774193548387,0.155913978494624,0.198924731182796,372
Aza037,Ama018,Adi001,Aru127,0.861529569892473,0.846774193548387,0.876344086021505,0.0690887096774194,0.0591397849462366,0.0806451612903226,0.0693817204301075,0.0591397849462366,0.0806451612903226,372
Aza037,Ama006,Aza135,Aru127,0.480405913978495,0.448924731182796,0.510752688172043,0.313403225806452,0.28494623655914,0.344086021505376,0.206193548387097,0.182795698924731,0.233870967741935,372
Aza037,Ama018,Adi003,Aga002,0.896204301075269,0.881720430107527,0.908602150537634,0.0572338709677419,0.0483870967741935,0.0698924731182796,0.0465618279569893,0.0349462365591398,0.0591397849462366,372
Aza037,Ama018,Aza135,Aru127,0.491639784946237,0.462365591397849,0.521505376344086,0.321768817204301,0.293010752688172,0.352150537634409,0.186594086021505,0.163978494623656,0.212365591397849,372
Aza037,Adi001,Aru127,Adi003,0.00287365591397849,0.00268817204301075,0.00537634408602151,0.985370967741935,0.981182795698925,0.986559139784946,0.011755376344086,0.010752688172043,0.0161290322580645,372
Aza037,Adi001,Adi002,Adi003,0.433879032258065,0.403225806451613,0.46505376344086,0.272725806451613,0.244623655913978,0.301075268817204,0.293395161290323,0.263440860215054,0.325268817204301,372
Aza037,Ama018,Adi001,Aga001,0.895604838709677,0.879032258064516,0.911290322580645,0.0618709677419355,0.0510752688172043,0.0752688172043011,0.0425241935483871,0.032258064516129,0.0564516129032258,372
Aza037,Adi002,Aga001,Aga002,0.922787634408602,0.911290322580645,0.932795698924731,0.0296344086021505,0.0241935483870968,0.0376344086021505,0.0475752688172043,0.0376344086021505,0.0564516129032258,372
Aza037,Aza135,Aru127,Aga001,0.829650537634409,0.809139784946237,0.846774193548387,0.103854838709677,0.0887096774193548,0.120967741935484,0.066494623655914,0.0537634408602151,0.0806451612903226,372
Aza037,Ama018,Aru127,Aga002,0.851927419354839,0.836021505376344,0.868279569892473,0.0651720430107527,0.0537634408602151,0.0779569892473118,0.0829005376344086,0.0698924731182796,0.0967741935483871,372
Aza037,Ape001,Aru127,Adi003,0.826489247311828,0.809139784946237,0.844086021505376,0.0923064516129032,0.0806451612903226,0.10752688172043,0.0812043010752688,0.0698924731182796,0.0940860215053763,372
Aza037,Ape001,Aza135,Aga002,0.436040322580645,0.405913978494624,0.467741935483871,0.392129032258065,0.362903225806452,0.422043010752688,0.17183064516129,0.150537634408602,0.196236559139785,372
Aza037,Ape001,Aza135,Aga001,0.436725806451613,0.405913978494624,0.467741935483871,0.394134408602151,0.365591397849462,0.424731182795699,0.169139784946237,0.147849462365591,0.193548387096774,372
Aza037,Ape001,Adi003,Aga001,0.85002688172043,0.830645161290323,0.868279569892473,0.0830403225806452,0.0698924731182796,0.0967741935483871,0.0669327956989247,0.0537634408602151,0.0806451612903226,372
Aza037,Ama018,Adi002,Aza135,0.495801075268817,0.46505376344086,0.524193548387097,0.193172043010753,0.169354838709677,0.217741935483871,0.31102688172043,0.28494623655914,0.338709677419355,372
Aza037,Adi001,Ama006,Aza135,0.216965053763441,0.193548387096774,0.241935483870968,0.487268817204301,0.456989247311828,0.516129032258065,0.295766129032258,0.268817204301075,0.32258064516129,372
Aza037,Aru127,Adi003,Aga002,0.370215053763441,0.338709677419355,0.403225806451613,0.237478494623656,0.209677419354839,0.266129032258065,0.392306451612903,0.360215053763441,0.424731182795699,372
Aza037,Ama006,Aga001,Aga002,0.979879032258064,0.975806451612903,0.981182795698925,0.00861559139784946,0.00806451612903226,0.010752688172043,0.011505376344086,0.010752688172043,0.0161290322580645,372
Aza037,Aza135,Aru127,Adi003,0.845521505376344,0.827956989247312,0.862903225806452,0.0788602150537634,0.0672043010752688,0.0940860215053763,0.0756182795698925,0.0645161290322581,0.0887096774193548,372
Aza037,Ama018,Aza135,Aga001,0.514836021505376,0.483870967741935,0.545698924731183,0.313387096774194,0.28494623655914,0.341397849462366,0.17177688172043,0.147849462365591,0.196236559139785,372
Aza037,Ama018,Ama006,Aru127,0.182706989247312,0.161290322580645,0.206989247311828,0.164760752688172,0.145161290322581,0.188172043010753,0.652532258064516,0.623655913978495,0.68010752688172,372
Aza037,Ama018,Ama006,Aza135,0.17452688172043,0.153225806451613,0.198924731182796,0.168072580645161,0.147849462365591,0.190860215053763,0.657400537634409,0.629032258064516,0.685483870967742,372
Aza037,Adi003,Aga001,Aga002,0.92438440860215,0.913978494623656,0.932795698924731,0.0265403225806452,0.021505376344086,0.0349462365591398,0.0490752688172043,0.043010752688172,0.0591397849462366,372
Aza037,Ape001,Ama006,Aga002,0.288690860215054,0.260752688172043,0.31989247311828,0.487647849462366,0.456989247311828,0.518817204301075,0.223663978494624,0.198924731182796,0.25,372
Aza037,Adi002,Aza135,Aga002,0.0960860215053763,0.0833333333333333,0.110215053763441,0.847615591397849,0.827956989247312,0.865591397849462,0.0562983870967742,0.0456989247311828,0.0698924731182796,372
Aza037,Ama006,Aru127,Aga002,0.847161290322581,0.830645161290323,0.860215053763441,0.0761881720430107,0.0645161290322581,0.0887096774193548,0.0766505376344086,0.0672043010752688,0.0887096774193548,372
Aza037,Adi002,Aru127,Aga002,0.231725806451613,0.204301075268817,0.260752688172043,0.364145161290323,0.333333333333333,0.395161290322581,0.404129032258065,0.370967741935484,0.438172043010753,372
Aza037,Adi001,Ama006,Aga002,0.0687069892473118,0.0591397849462366,0.0806451612903226,0.878096774193548,0.860215053763441,0.89247311827957,0.0531962365591398,0.0403225806451613,0.0672043010752688,372
Aza037,Adi001,Aza135,Adi003,0.00485752688172043,0.00268817204301075,0.00537634408602151,0.983806451612903,0.981182795698925,0.986559139784946,0.0113333333333333,0.010752688172043,0.0134408602150538,372
Aza037,Adi001,Adi002,Aga001,0.0138682795698925,0.010752688172043,0.0188172043010753,0.0201290322580645,0.0161290322580645,0.0241935483870968,0.966002688172043,0.959677419354839,0.970430107526882,372
Aza037,Adi002,Ama006,Aza135,0.220650537634409,0.196236559139785,0.247311827956989,0.48352688172043,0.454301075268817,0.513440860215054,0.295822580645161,0.268817204301075,0.32258064516129,372
Aza037,Adi001,Aza135,Aga001,0.0925188172043011,0.0779569892473118,0.10752688172043,0.852430107526882,0.833333333333333,0.870967741935484,0.0550537634408602,0.043010752688172,0.0672043010752688,372
Aza037,Adi002,Adi003,Aga001,0.0218870967741935,0.021505376344086,0.0241935483870968,0.0208091397849462,0.0161290322580645,0.0241935483870968,0.957306451612903,0.951612903225806,0.962365591397849,372
Ape009,Asu001,Age001,Ape001,0.0477715053763441,0.043010752688172,0.0564516129032258,0.0447231182795699,0.0349462365591398,0.0564516129032258,0.907505376344086,0.895161290322581,0.919354838709677,372
Aza037,Ama018,Adi001,Adi002,0.992212365591398,0.991935483870968,0.994623655913978,0.00272043010752688,0.00268817204301075,0.00268817204301075,0.00506451612903226,0.00268817204301075,0.00537634408602151,372
Aza037,Ama018,Aru127,Aga001,0.859529569892473,0.841397849462366,0.876344086021505,0.0698682795698925,0.0591397849462366,0.0833333333333333,0.0706021505376344,0.0591397849462366,0.0860215053763441,372
Aza037,Adi001,Adi002,Aru127,0.0111370967741935,0.00806451612903226,0.0161290322580645,0.0111747311827957,0.00806451612903226,0.0134408602150538,0.977688172043011,0.973118279569892,0.981182795698925,372
Aza037,Adi002,Aza135,Aru127,0.0738709677419355,0.0618279569892473,0.0860215053763441,0.844198924731183,0.825268817204301,0.860215053763441,0.0819301075268817,0.0698924731182796,0.0967741935483871,372
Aza037,Ape001,Aru127,Aga001,0.814107526881721,0.795698924731183,0.830645161290323,0.106951612903226,0.0940860215053763,0.120967741935484,0.0789381720430107,0.0672043010752688,0.0940860215053763,372
Aza037,Ape001,Aza135,Aru127,0.419725806451613,0.389784946236559,0.451612903225806,0.392287634408602,0.362903225806452,0.422043010752688,0.187986559139785,0.163978494623656,0.212365591397849,372
Aza037,Ama006,Aza135,Adi003,0.480139784946237,0.451612903225806,0.510752688172043,0.301405913978495,0.274193548387097,0.330645161290323,0.218454301075269,0.193548387096774,0.244623655913978,372
Aza037,Adi001,Adi003,Aga001,0.0197956989247312,0.0188172043010753,0.0241935483870968,0.024989247311828,0.021505376344086,0.0295698924731183,0.955215053763441,0.948924731182796,0.959677419354839,372
Aza037,Ape001,Aza135,Adi003,0.411416666666667,0.381720430107527,0.440860215053763,0.395263440860215,0.368279569892473,0.424731182795699,0.193319892473118,0.172043010752688,0.217741935483871,372
Ape009,Asu001,Age001,Adi001,0.624016129032258,0.594086021505376,0.653225806451613,0.196943548387097,0.172043010752688,0.223118279569892,0.179040322580645,0.155913978494624,0.204301075268817,372
Aza037,Ama018,Adi002,Adi003,0.997706989247312,0.997311827956989,1,0.00228225806451613,0,0.00268817204301075,1.0752688172043e-05,0,0,372
Aza037,Adi001,Aga001,Aga002,0.91708064516129,0.905913978494624,0.92741935483871,0.0316881720430108,0.0268817204301075,0.0376344086021505,0.0512284946236559,0.043010752688172,0.0591397849462366,372
Aza037,Adi001,Aza135,Aga002,0.0899327956989247,0.0752688172043011,0.104838709677419,0.847524193548387,0.827956989247312,0.865591397849462,0.0625430107526882,0.0510752688172043,0.0752688172043011,372
Ape009,Asu001,Age001,Ama006,0.0791586021505376,0.0645161290322581,0.0940860215053763,0.0632661290322581,0.0510752688172043,0.0779569892473118,0.857575268817204,0.838709677419355,0.876344086021505,372
Aza037,Ape001,Adi003,Aga002,0.846572580645161,0.827956989247312,0.862903225806452,0.0868279569892473,0.0752688172043011,0.0994623655913978,0.0665994623655914,0.0537634408602151,0.0806451612903226,372
Aza037,Ama018,Ama006,Aga001,0.186215053763441,0.163978494623656,0.209677419354839,0.176368279569892,0.155913978494624,0.198924731182796,0.637416666666667,0.610215053763441,0.663978494623656,372
Aza037,Adi001,Ama006,Aga001,0.0675295698924731,0.0564516129032258,0.0806451612903226,0.886959677419355,0.870967741935484,0.903225806451613,0.045510752688172,0.0349462365591398,0.0591397849462366,372
Aza037,Adi001,Adi002,Ama006,0.0083494623655914,0.00806451612903226,0.010752688172043,0.00541397849462366,0.00537634408602151,0.00537634408602151,0.986236559139785,0.983870967741935,0.986559139784946,372
Aza037,Ama006,Aru127,Adi003,0.847043010752688,0.833333333333333,0.860215053763441,0.0733145161290323,0.0645161290322581,0.0860215053763441,0.0796424731182796,0.0698924731182796,0.0913978494623656,372
Aza037,Adi002,Aza135,Aga001,0.0972983870967742,0.0833333333333333,0.112903225806452,0.848346774193548,0.830645161290323,0.865591397849462,0.0543548387096774,0.043010752688172,0.0672043010752688,372
Aza037,Aza135,Adi003,Aga001,0.85727688172043,0.838709677419355,0.873655913978495,0.0950994623655914,0.0806451612903226,0.110215053763441,0.0476236559139785,0.0376344086021505,0.0591397849462366,372
Aza037,Ama018,Adi001,Aga002,0.891822580645161,0.876344086021505,0.905913978494624,0.0589489247311828,0.0483870967741935,0.0698924731182796,0.0492311827956989,0.0376344086021505,0.0618279569892473,372
Ape009,Asu001,Age001,Aza135,0.109561827956989,0.0913978494623656,0.129032258064516,0.0752150537634409,0.0591397849462366,0.0940860215053763,0.815225806451613,0.793010752688172,0.836021505376344,372
Aza037,Adi001,Aru127,Aga001,0.235405913978495,0.206989247311828,0.266129032258065,0.372129032258064,0.341397849462366,0.403225806451613,0.392465053763441,0.360215053763441,0.424731182795699,372
Aza037,Ape001,Aga001,Aga002,0.950072580645161,0.943548387096774,0.956989247311828,0.0268037634408602,0.0241935483870968,0.032258064516129,0.0231236559139785,0.0188172043010753,0.0295698924731183,372
Aza037,Ama006,Adi003,Aga002,0.875115591397849,0.85752688172043,0.889784946236559,0.0692956989247312,0.0564516129032258,0.0833333333333333,0.0555887096774193,0.043010752688172,0.0698924731182796,372
Aza037,Ama018,Adi002,Ama006,0.180564516129032,0.158602150537634,0.204301075268817,0.642938172043011,0.615591397849462,0.669354838709677,0.176497311827957,0.155913978494624,0.198924731182796,372
Ape009,Asu001,Age001,Adi002,0.612650537634409,0.583333333333333,0.64247311827957,0.200540322580645,0.17741935483871,0.225806451612903,0.186809139784946,0.163978494623656,0.212365591397849,372
Ape009,Age001,Ape001,Adi003,0.0306935483870968,0.0268817204301075,0.0376344086021505,0.931268817204301,0.922043010752688,0.938172043010753,0.0380376344086022,0.032258064516129,0.0456989247311828,372
Ape009,Asu001,Adi001,Adi002,0.96014247311828,0.954301075268817,0.96505376344086,0.0208575268817204,0.0161290322580645,0.0241935483870968,0.019002688172043,0.0161290322580645,0.021505376344086,372
Ape009,Age001,Adi003,Aga001,0.211489247311828,0.188172043010753,0.236559139784946,0.209661290322581,0.185483870967742,0.233870967741935,0.578849462365591,0.551075268817204,0.60752688172043,372
Ape009,Age001,Ama006,Aru127,0.089247311827957,0.0752688172043011,0.104838709677419,0.84983064516129,0.830645161290323,0.868279569892473,0.0609220430107527,0.0483870967741935,0.0752688172043011,372
Ape009,Asu001,Ama018,Ama006,0.725158602150538,0.701612903225806,0.75,0.147225806451613,0.129032258064516,0.166666666666667,0.127615591397849,0.110215053763441,0.147849462365591,372
Ape009,Asu001,Aga001,Aga002,0.80952688172043,0.790322580645161,0.827956989247312,0.0630967741935484,0.0483870967741935,0.0779569892473118,0.127379032258065,0.112903225806452,0.145161290322581,372
Ape009,Ape001,Ama018,Aza135,0.690241935483871,0.663978494623656,0.71505376344086,0.185782258064516,0.166666666666667,0.206989247311828,0.123978494623656,0.104838709677419,0.145161290322581,372
Ape009,Age001,Adi001,Aga001,0.197596774193548,0.174731182795699,0.223118279569892,0.206900537634409,0.182795698924731,0.233870967741935,0.595502688172043,0.567204301075269,0.623655913978495,372
Ape009,Ape001,Ama018,Ama006,0.842271505376344,0.82258064516129,0.860215053763441,0.0776505376344086,0.0645161290322581,0.0940860215053763,0.0800806451612903,0.0672043010752688,0.0967741935483871,372
Ape009,Age001,Adi002,Aga001,0.204432795698925,0.18010752688172,0.228494623655914,0.213895161290323,0.190860215053763,0.239247311827957,0.581672043010753,0.553763440860215,0.610215053763441,372
Ape009,Asu001,Adi001,Aru127,0.419645161290323,0.387096774193548,0.454301075268817,0.221188172043011,0.193548387096774,0.25,0.359166666666667,0.327956989247312,0.39247311827957,372
Ape009,Age001,Ape001,Aga001,0.0407715053763441,0.032258064516129,0.0510752688172043,0.930782258064516,0.919354838709677,0.940860215053763,0.0284462365591398,0.0241935483870968,0.0349462365591398,372
Ape009,Age001,Adi001,Aza135,0.0318870967741935,0.0241935483870968,0.043010752688172,0.0688333333333333,0.0564516129032258,0.0806451612903226,0.899279569892473,0.884408602150538,0.913978494623656,372
Ape009,Asu001,Adi002,Ama006,0.079497311827957,0.0645161290322581,0.0940860215053763,0.0670161290322581,0.0564516129032258,0.0806451612903226,0.853486559139785,0.836021505376344,0.870967741935484,372
Ape009,Age001,Adi001,Aga002,0.169091397849462,0.145161290322581,0.193548387096774,0.191838709677419,0.166666666666667,0.217741935483871,0.639069892473118,0.610215053763441,0.666666666666667,372
Ape009,Asu001,Aza135,Aga002,0.0229569892473118,0.0161290322580645,0.032258064516129,0.947338709677419,0.935483870967742,0.956989247311828,0.0297069892473118,0.0241935483870968,0.0376344086021505,372
Ape009,Asu001,Age001,Aru127,0.445795698924731,0.411290322580645,0.481182795698925,0.207938172043011,0.18010752688172,0.239247311827957,0.346266129032258,0.314516129032258,0.379032258064516,372
Ape009,Age001,Ama006,Aga002,0.0611639784946237,0.0483870967741935,0.0752688172043011,0.855403225806452,0.838709677419355,0.870967741935484,0.0834327956989247,0.0698924731182796,0.0967741935483871,372
Ape009,Asu001,Ama018,Aru127,0.107661290322581,0.0940860215053763,0.123655913978495,0.836155913978495,0.817204301075269,0.854838709677419,0.0561827956989247,0.043010752688172,0.0725806451612903,372
Ape009,Asu001,Adi001,Aga002,0.0808844086021505,0.0645161290322581,0.0994623655913978,0.818403225806452,0.798387096774194,0.838709677419355,0.100712365591398,0.0860215053763441,0.118279569892473,372
Ape009,Asu001,Adi002,Aru127,0.430048387096774,0.397849462365591,0.462365591397849,0.211209677419355,0.185483870967742,0.239247311827957,0.358739247311828,0.327956989247312,0.389784946236559,372
Ape009,Age001,Ape001,Aga002,0.0391290322580645,0.0295698924731183,0.0483870967741935,0.919728494623656,0.908602150537634,0.93010752688172,0.0411451612903226,0.0349462365591398,0.0510752688172043,372
Ape009,Asu001,Adi001,Ama006,0.0688548387096774,0.0564516129032258,0.0833333333333333,0.0710510752688172,0.0591397849462366,0.0833333333333333,0.860094086021505,0.841397849462366,0.879032258064516,372
Ape009,Asu001,Ama006,Adi003,0.0774059139784946,0.0645161290322581,0.0913978494623656,0.851819892473118,0.833333333333333,0.868279569892473,0.0707741935483871,0.0591397849462366,0.0833333333333333,372
Ape009,Asu001,Adi002,Aga002,0.082255376344086,0.0645161290322581,0.102150537634409,0.818505376344086,0.795698924731183,0.838709677419355,0.0992365591397849,0.0833333333333333,0.118279569892473,372
Ape009,Age001,Ama006,Aga001,0.0662096774193548,0.0537634408602151,0.0806451612903226,0.854755376344086,0.838709677419355,0.870967741935484,0.0790349462365591,0.0672043010752688,0.0913978494623656,372
Ape009,Age001,Ama006,Adi003,0.0478037634408602,0.0376344086021505,0.0591397849462366,0.905373655913978,0.889784946236559,0.919354838709677,0.0468225806451613,0.0376344086021505,0.0564516129032258,372
Ape009,Age001,Aru127,Aga001,0.241381720430108,0.212365591397849,0.271505376344086,0.363760752688172,0.333333333333333,0.395161290322581,0.39485752688172,0.362903225806452,0.42741935483871,372
Ape009,Asu001,Ape001,Aga002,0.0288118279569892,0.0241935483870968,0.0349462365591398,0.951182795698925,0.943548387096774,0.956989247311828,0.020008064516129,0.0161290322580645,0.0241935483870968,372
Ape009,Age001,Ama018,Adi002,0.0489516129032258,0.0403225806451613,0.0591397849462366,0.913594086021505,0.897849462365591,0.92741935483871,0.0374569892473118,0.0295698924731183,0.0483870967741935,372
Ape009,Age001,Ape001,Aru127,0.0452688172043011,0.0376344086021505,0.0537634408602151,0.911908602150538,0.900537634408602,0.922043010752688,0.0428225806451613,0.0349462365591398,0.0510752688172043,372
Ape009,Age001,Adi002,Adi003,0.941346774193548,0.935483870967742,0.946236559139785,0.0256209677419355,0.021505376344086,0.0295698924731183,0.0330322580645161,0.0295698924731183,0.0376344086021505,372
Ape009,Asu001,Aza135,Adi003,0.0705295698924731,0.0591397849462366,0.0860215053763441,0.835319892473118,0.814516129032258,0.854838709677419,0.0941478494623656,0.0806451612903226,0.110215053763441,372
Ape009,Asu001,Age001,Aga002,0.113744623655914,0.0967741935483871,0.131720430107527,0.792314516129032,0.771505376344086,0.811827956989247,0.0939408602150538,0.0806451612903226,0.110215053763441,372
Ape009,Age001,Aru127,Adi003,0.206424731182796,0.18010752688172,0.233870967741935,0.57825,0.545698924731183,0.610215053763441,0.215325268817204,0.188172043010753,0.244623655913978,372
Ape009,Asu001,Ape001,Adi002,0.0423844086021505,0.0349462365591398,0.0510752688172043,0.915204301075269,0.903225806451613,0.92741935483871,0.0424112903225806,0.0349462365591398,0.0510752688172043,372
Ape009,Age001,Ape001,Aza135,0.0994811827956989,0.0860215053763441,0.115591397849462,0.775755376344086,0.755376344086022,0.793010752688172,0.124763440860215,0.110215053763441,0.139784946236559,372
Ape009,Asu001,Adi001,Aza135,0.0770940860215054,0.0618279569892473,0.0940860215053763,0.0861612903225806,0.0698924731182796,0.102150537634409,0.836744623655914,0.814516129032258,0.85752688172043,372
Ape009,Asu001,Ama018,Aga002,0.0267822580645161,0.0188172043010753,0.0349462365591398,0.947677419354839,0.938172043010753,0.956989247311828,0.0255403225806452,0.0188172043010753,0.032258064516129,372
Ape009,Age001,Adi001,Ama006,0.0351478494623656,0.0241935483870968,0.0483870967741935,0.0530430107526882,0.043010752688172,0.0645161290322581,0.911809139784946,0.895161290322581,0.924731182795699,372
Ape009,Asu001,Ape001,Ama018,0.113295698924731,0.0967741935483871,0.131720430107527,0.67377688172043,0.647849462365591,0.698924731182796,0.212930107526882,0.193548387096774,0.236559139784946,372
Ape009,Age001,Ama018,Adi001,0.0414838709677419,0.032258064516129,0.0537634408602151,0.919,0.905913978494624,0.932795698924731,0.0395134408602151,0.0295698924731183,0.0510752688172043,372
Ape009,Age001,Adi003,Aga002,0.181620967741935,0.158602150537634,0.206989247311828,0.200295698924731,0.174731182795699,0.225806451612903,0.618083333333333,0.588709677419355,0.647849462365591,372
Ape009,Ape001,Ama018,Aru127,0.675338709677419,0.650537634408602,0.698924731182796,0.207395161290323,0.185483870967742,0.231182795698925,0.117266129032258,0.0994623655913978,0.137096774193548,372
Ape009,Age001,Aza135,Adi003,0.0336182795698925,0.0268817204301075,0.043010752688172,0.890975806451613,0.876344086021505,0.903225806451613,0.0754059139784946,0.0645161290322581,0.0887096774193548,372
Ape009,Age001,Ape001,Adi002,0.023752688172043,0.0188172043010753,0.0295698924731183,0.944008064516129,0.935483870967742,0.951612903225806,0.0322365591397849,0.0268817204301075,0.0376344086021505,372
Ape009,Asu001,Ape001,Aza135,0.0946881720430107,0.0806451612903226,0.110215053763441,0.771145161290323,0.75,0.790322580645161,0.134166666666667,0.118279569892473,0.150537634408602,372
Ape009,Age001,Ape001,Ama018,0.119704301075269,0.102150537634409,0.137096774193548,0.676387096774194,0.653225806451613,0.698924731182796,0.203908602150538,0.185483870967742,0.225806451612903,372
Ape009,Age001,Adi001,Adi003,0.928591397849462,0.922043010752688,0.932795698924731,0.0249247311827957,0.0241935483870968,0.0295698924731183,0.0464865591397849,0.043010752688172,0.0510752688172043,372
Ape009,Age001,Ama006,Aza135,0.317067204301075,0.287634408602151,0.346774193548387,0.458709677419355,0.42741935483871,0.491935483870968,0.22422311827957,0.198924731182796,0.252688172043011,372
Ape009,Asu001,Ape001,Adi003,0.0433870967741935,0.0349462365591398,0.0537634408602151,0.913408602150538,0.900537634408602,0.924731182795699,0.0432043010752688,0.0349462365591398,0.0537634408602151,372
Ape009,Asu001,Adi003,Aga001,0.101849462365591,0.0860215053763441,0.118279569892473,0.827206989247312,0.806451612903226,0.846774193548387,0.0709408602150538,0.0591397849462366,0.0860215053763441,372
Ape009,Asu001,Adi002,Aga001,0.101158602150538,0.0833333333333333,0.118279569892473,0.829327956989247,0.809139784946237,0.849462365591398,0.0695134408602151,0.0564516129032258,0.0833333333333333,372
Ape009,Age001,Ama018,Aza135,0.292483870967742,0.266129032258065,0.31989247311828,0.48177688172043,0.451612903225806,0.513440860215054,0.225736559139785,0.201612903225806,0.252688172043011,372
Ape009,Age001,Adi002,Aru127,0.216639784946237,0.190860215053763,0.244623655913978,0.207037634408602,0.18010752688172,0.233870967741935,0.576325268817204,0.545698924731183,0.60752688172043,372
Ape009,Asu001,Ama006,Aru127,0.106309139784946,0.0913978494623656,0.123655913978495,0.82908064516129,0.809139784946237,0.849462365591398,0.0646102150537634,0.0510752688172043,0.0806451612903226,372
Ape009,Age001,Adi002,Aga002,0.175647849462366,0.153225806451613,0.201612903225806,0.198518817204301,0.174731182795699,0.223118279569892,0.625833333333333,0.596774193548387,0.655913978494624,372
Ape009,Ape001,Ama018,Adi001,0.683997311827957,0.658602150537634,0.706989247311828,0.208408602150538,0.188172043010753,0.231182795698925,0.107594086021505,0.0913978494623656,0.126344086021505,372
Ape009,Asu001,Age001,Aga001,0.124887096774194,0.10752688172043,0.14247311827957,0.811862903225806,0.793010752688172,0.830645161290323,0.063252688172043,0.0537634408602151,0.0752688172043011,372
Ape009,Ape001,Ama018,Adi003,0.678209677419355,0.653225806451613,0.701612903225806,0.214793010752688,0.193548387096774,0.236559139784946,0.106997311827957,0.0913978494623656,0.123655913978495,372
Ape009,Asu001,Ape001,Ama006,0.10752688172043,0.0913978494623656,0.126344086021505,0.684809139784946,0.658602150537634,0.709677419354839,0.207661290322581,0.185483870967742,0.231182795698925,372
Ape009,Asu001,Ape001,Aru127,0.0524220430107527,0.0456989247311828,0.0618279569892473,0.901819892473118,0.887096774193548,0.913978494623656,0.045758064516129,0.0349462365591398,0.0564516129032258,372
Ape009,Age001,Aza135,Aga001,0.0821236559139785,0.0672043010752688,0.0994623655913978,0.827067204301075,0.806451612903226,0.846774193548387,0.0908091397849462,0.0752688172043011,0.10752688172043,372
Ape009,Age001,Ape001,Ama006,0.111016129032258,0.0940860215053763,0.131720430107527,0.681032258064516,0.655913978494624,0.706989247311828,0.207954301075269,0.185483870967742,0.231182795698925,372
Ape009,Asu001,Aza135,Aga001,0.0274623655913978,0.021505376344086,0.0349462365591398,0.958537634408602,0.948924731182796,0.967741935483871,0.014,0.010752688172043,0.021505376344086,372
Ape009,Asu001,Adi002,Adi003,0.951774193548387,0.946236559139785,0.956989247311828,0.0220887096774194,0.0188172043010753,0.0268817204301075,0.0261397849462366,0.021505376344086,0.0295698924731183,372
Ape009,Age001,Aru127,Aga002,0.242752688172043,0.21505376344086,0.271505376344086,0.362591397849462,0.330645161290323,0.395161290322581,0.394658602150538,0.362903225806452,0.42741935483871,372
Ape009,Asu001,Adi001,Aga001,0.100059139784946,0.0833333333333333,0.118279569892473,0.828317204301075,0.809139784946237,0.846774193548387,0.0716236559139785,0.0591397849462366,0.0860215053763441,372
Ape009,Asu001,Ama018,Adi001,0.0763145161290323,0.0645161290322581,0.0887096774193548,0.850212365591398,0.833333333333333,0.865591397849462,0.0734731182795699,0.0618279569892473,0.0860215053763441,372
Ape009,Asu001,Ape001,Adi001,0.0398790322580645,0.032258064516129,0.0483870967741935,0.916400537634409,0.903225806451613,0.92741935483871,0.0437177419354839,0.0349462365591398,0.0537634408602151,372
Ape009,Age001,Ama018,Ama006,0.727129032258065,0.701612903225806,0.75,0.149852150537634,0.131720430107527,0.169354838709677,0.123018817204301,0.104838709677419,0.14247311827957,372
Ape009,Ape001,Ama018,Adi002,0.681709677419355,0.655913978494624,0.704301075268817,0.211029569892473,0.190860215053763,0.233870967741935,0.107263440860215,0.0913978494623656,0.126344086021505,372
Ape009,Asu001,Ape001,Aga001,0.0357258064516129,0.0295698924731183,0.043010752688172,0.952443548387097,0.946236559139785,0.956989247311828,0.0118306451612903,0.00806451612903226,0.0161290322580645,372
Ape009,Asu001,Adi003,Aga002,0.0853817204301075,0.0698924731182796,0.104838709677419,0.810922043010753,0.790322580645161,0.830645161290323,0.10369623655914,0.0887096774193548,0.120967741935484,372
Ape009,Age001,Ama018,Adi003,0.0445994623655914,0.0349462365591398,0.0564516129032258,0.914822580645161,0.900537634408602,0.92741935483871,0.0405779569892473,0.032258064516129,0.0510752688172043,372
Ape009,Age001,Adi001,Aru127,0.200895161290323,0.174731182795699,0.228494623655914,0.208110215053763,0.182795698924731,0.236559139784946,0.590994623655914,0.559139784946237,0.620967741935484,372
Ape009,Age001,Aga001,Aga002,0.892661290322581,0.881720430107527,0.903225806451613,0.0403870967741935,0.0349462365591398,0.0483870967741935,0.0669516129032258,0.0591397849462366,0.0779569892473118,372
Ape009,Asu001,Ama018,Adi003,0.0798360215053763,0.0672043010752688,0.0940860215053763,0.846661290322581,0.830645161290323,0.862903225806452,0.073505376344086,0.0618279569892473,0.0860215053763441,372
Ape009,Age001,Ape001,Adi001,0.0218172043010753,0.0188172043010753,0.0268817204301075,0.943599462365591,0.935483870967742,0.948924731182796,0.0345833333333333,0.0295698924731183,0.0403225806451613,372
Ape009,Age001,Adi001,Adi002,0.939905913978495,0.932795698924731,0.946236559139785,0.0226344086021505,0.021505376344086,0.0268817204301075,0.0374596774193548,0.032258064516129,0.043010752688172,372
Ape009,Ape001,Adi001,Adi002,0.989112903225806,0.986559139784946,0.989247311827957,0.00812096774193548,0.00806451612903226,0.00806451612903226,0.00276612903225806,0.00268817204301075,0.00537634408602151,372
Ape009,Age001,Ama018,Aru127,0.0875295698924731,0.0752688172043011,0.102150537634409,0.857905913978495,0.841397849462366,0.873655913978495,0.0545645161290323,0.043010752688172,0.0672043010752688,372
Ape009,Asu001,Adi001,Adi003,0.95094623655914,0.946236559139785,0.954301075268817,0.0241263440860215,0.021505376344086,0.0295698924731183,0.0249274193548387,0.0241935483870968,0.0295698924731183,372
Ape009,Asu001,Ama006,Aga002,0.0224489247311828,0.0161290322580645,0.0295698924731183,0.946505376344086,0.935483870967742,0.954301075268817,0.0310483870967742,0.0268817204301075,0.0376344086021505,372
Ape009,Age001,Aza135,Aga002,0.0720779569892473,0.0564516129032258,0.0887096774193548,0.828333333333333,0.806451612903226,0.846774193548387,0.0995887096774193,0.0860215053763441,0.115591397849462,372
Ape009,Age001,Aza135,Aru127,0.0925456989247312,0.0779569892473118,0.110215053763441,0.819994623655914,0.801075268817204,0.838709677419355,0.0874596774193548,0.0725806451612903,0.102150537634409,372
Ape009,Asu001,Ama006,Aga001,0.0274758064516129,0.021505376344086,0.0349462365591398,0.948801075268817,0.938172043010753,0.956989247311828,0.0237258064516129,0.0188172043010753,0.0295698924731183,372
Ape009,Asu001,Age001,Adi003,0.609594086021505,0.580645161290323,0.639784946236559,0.206551075268817,0.182795698924731,0.231182795698925,0.183852150537634,0.158602150537634,0.209677419354839,372
Ape009,Asu001,Ama018,Aga001,0.0254677419354839,0.0188172043010753,0.0349462365591398,0.957693548387097,0.948924731182796,0.96505376344086,0.0168360215053763,0.0134408602150538,0.0241935483870968,372
Ape009,Asu001,Aru127,Aga002,0.0887903225806452,0.0752688172043011,0.104838709677419,0.848008064516129,0.827956989247312,0.865591397849462,0.0632016129032258,0.0510752688172043,0.0779569892473118,372
Ape009,Age001,Adi002,Aza135,0.0413629032258064,0.032258064516129,0.0537634408602151,0.0638145161290323,0.0537634408602151,0.0752688172043011,0.894825268817204,0.879032258064516,0.908602150537634,372
Ape009,Asu001,Aza135,Aru127,0.120209677419355,0.102150537634409,0.139784946236559,0.790010752688172,0.766129032258065,0.811827956989247,0.0897795698924731,0.0725806451612903,0.10752688172043,372
Ape009,Asu001,Adi002,Aza135,0.0795349462365591,0.0672043010752688,0.0967741935483871,0.0807338709677419,0.0672043010752688,0.0967741935483871,0.839731182795699,0.81989247311828,0.860215053763441,372
Ape009,Age001,Adi002,Ama006,0.0469327956989247,0.0349462365591398,0.0591397849462366,0.0489784946236559,0.0403225806451613,0.0591397849462366,0.904088709677419,0.887096774193548,0.919354838709677,372
Ape009,Age001,Ama018,Aga001,0.0699327956989247,0.0591397849462366,0.0833333333333333,0.868774193548387,0.852150537634409,0.884408602150538,0.0612930107526882,0.0510752688172043,0.0725806451612903,372
Ape009,Asu001,Aru127,Adi003,0.418486559139785,0.387096774193548,0.451612903225806,0.359298387096774,0.327956989247312,0.389784946236559,0.222215053763441,0.196236559139785,0.25,372
Ape009,Asu001,Aru127,Aga001,0.0937365591397849,0.0779569892473118,0.110215053763441,0.858029569892473,0.838709677419355,0.876344086021505,0.0482365591397849,0.0376344086021505,0.0618279569892473,372
Ape009,Asu001,Ama018,Adi002,0.0833333333333333,0.0698924731182796,0.0967741935483871,0.846209677419355,0.830645161290323,0.862903225806452,0.0704569892473118,0.0591397849462366,0.0833333333333333,372
Ape009,Asu001,Ama006,Aza135,0.317876344086022,0.290322580645161,0.346774193548387,0.452653225806452,0.422043010752688,0.483870967741935,0.229470430107527,0.204301075268817,0.258064516129032,372
Ape009,Age001,Ama018,Aga002,0.0638629032258065,0.0537634408602151,0.0779569892473118,0.871104838709677,0.854838709677419,0.887096774193548,0.0650295698924731,0.0537634408602151,0.0779569892473118,372
Ape009,Asu001,Ama018,Aza135,0.299220430107527,0.271505376344086,0.327956989247312,0.475596774193548,0.443548387096774,0.505376344086022,0.225180107526882,0.198924731182796,0.252688172043011,372
Ape009,Adi001,Adi002,Aru127,0.0172231182795699,0.0134408602150538,0.021505376344086,0.00851075268817204,0.00806451612903226,0.010752688172043,0.974266129032258,0.967741935483871,0.978494623655914,372
Ape009,Ama018,Adi002,Aza135,0.474252688172043,0.443548387096774,0.505376344086022,0.290690860215054,0.263440860215054,0.31989247311828,0.235056451612903,0.209677419354839,0.260752688172043,372
Ape009,Adi001,Ama006,Aru127,0.0941317204301075,0.0806451612903226,0.110215053763441,0.848924731182796,0.830645161290323,0.868279569892473,0.0569462365591398,0.043010752688172,0.0725806451612903,372
Ape009,Ama018,Adi001,Ama006,0.149827956989247,0.131720430107527,0.169354838709677,0.71736559139785,0.690860215053763,0.741935483870968,0.132806451612903,0.115591397849462,0.153225806451613,372
Ape009,Ama006,Aru127,Aga001,0.84652688172043,0.825268817204301,0.865591397849462,0.061258064516129,0.0456989247311828,0.0779569892473118,0.0922123655913978,0.0779569892473118,0.10752688172043,372
Ape009,Ape001,Adi001,Adi003,0.983854838709677,0.981182795698925,0.986559139784946,0.00791129032258065,0.00537634408602151,0.00806451612903226,0.00823387096774194,0.00806451612903226,0.010752688172043,372
Ape009,Ama018,Aza135,Aga001,0.482395161290323,0.451612903225806,0.513440860215054,0.236956989247312,0.209677419354839,0.266129032258065,0.280647849462366,0.252688172043011,0.309139784946237,372
Ape009,Adi001,Adi002,Adi003,0.435870967741936,0.403225806451613,0.467741935483871,0.270653225806452,0.241935483870968,0.301075268817204,0.293475806451613,0.263440860215054,0.325268817204301,372
Ape009,Ape001,Adi001,Aga001,0.936217741935484,0.924731182795699,0.946236559139785,0.0411075268817204,0.032258064516129,0.0510752688172043,0.0226774193548387,0.0161290322580645,0.0295698924731183,372
Ape009,Adi002,Aza135,Aru127,0.0951424731182796,0.0806451612903226,0.110215053763441,0.825314516129032,0.806451612903226,0.844086021505376,0.0795430107526882,0.0672043010752688,0.0940860215053763,372
Ape009,Adi001,Adi003,Aga002,0.012510752688172,0.010752688172043,0.0161290322580645,0.0165752688172043,0.0161290322580645,0.0188172043010753,0.970913978494624,0.96505376344086,0.973118279569892,372
Ape009,Ama018,Ama006,Adi003,0.152685483870968,0.134408602150538,0.172043010752688,0.134854838709677,0.115591397849462,0.155913978494624,0.712456989247312,0.688172043010753,0.736559139784946,372
Ape009,Ama018,Ama006,Aga002,0.147298387096774,0.129032258064516,0.166666666666667,0.129373655913979,0.110215053763441,0.150537634408602,0.723327956989247,0.698924731182796,0.747311827956989,372
Ape009,Ama018,Aza135,Aru127,0.476379032258064,0.446236559139785,0.508064516129032,0.237352150537634,0.212365591397849,0.263440860215054,0.286268817204301,0.258064516129032,0.314516129032258,372
Ape009,Adi002,Ama006,Aga001,0.0702956989247312,0.0591397849462366,0.0833333333333333,0.855322580645161,0.838709677419355,0.870967741935484,0.0743817204301075,0.0618279569892473,0.0887096774193548,372
Ape009,Ama018,Ama006,Aga001,0.143231182795699,0.123655913978495,0.163978494623656,0.135215053763441,0.115591397849462,0.155913978494624,0.72155376344086,0.696236559139785,0.744623655913978,372
Ape009,Ape001,Adi002,Ama006,0.691427419354839,0.663978494623656,0.717741935483871,0.103586021505376,0.0887096774193548,0.120967741935484,0.204986559139785,0.182795698924731,0.228494623655914,372
Ape009,Adi001,Aga001,Aga002,0.920126344086021,0.908602150537634,0.93010752688172,0.0210887096774194,0.0161290322580645,0.0268817204301075,0.0587849462365591,0.0510752688172043,0.0672043010752688,372
Ape009,Ama006,Aza135,Aga002,0.449551075268817,0.416666666666667,0.481182795698925,0.228822580645161,0.201612903225806,0.258064516129032,0.321626344086021,0.293010752688172,0.352150537634409,372
Ape009,Ama018,Aru127,Aga002,0.832478494623656,0.811827956989247,0.849462365591398,0.0632715053763441,0.0510752688172043,0.0779569892473118,0.10425,0.0913978494623656,0.118279569892473,372
Ape009,Ama006,Aru127,Aga002,0.833263440860215,0.811827956989247,0.852150537634409,0.0618198924731183,0.0483870967741935,0.0779569892473118,0.104916666666667,0.0913978494623656,0.120967741935484,372
Ape009,Ama018,Adi001,Aru127,0.856704301075269,0.838709677419355,0.873655913978495,0.0828413978494624,0.0698924731182796,0.0967741935483871,0.0604543010752688,0.0483870967741935,0.0752688172043011,372
Ape009,Adi001,Ama006,Adi003,0.0136559139784946,0.0134408602150538,0.0161290322580645,0.975443548387097,0.973118279569892,0.975806451612903,0.0109005376344086,0.010752688172043,0.0134408602150538,372
Ape009,Ape001,Aza135,Aga001,0.784819892473118,0.766129032258065,0.803763440860215,0.13177688172043,0.115591397849462,0.147849462365591,0.0834032258064516,0.0698924731182796,0.0967741935483871,372
Ape009,Adi002,Adi003,Aga001,0.0191236559139785,0.0188172043010753,0.021505376344086,0.0238924731182796,0.0188172043010753,0.0268817204301075,0.956983870967742,0.951612903225806,0.959677419354839,372
Ape009,Ama018,Aru127,Adi003,0.850059139784946,0.830645161290323,0.868279569892473,0.0648924731182796,0.0510752688172043,0.0806451612903226,0.0850510752688172,0.0725806451612903,0.0994623655913978,372
Ape009,Adi001,Ama006,Aga002,0.0638333333333333,0.0537634408602151,0.0752688172043011,0.866564516129032,0.849462365591398,0.881720430107527,0.0696021505376344,0.0564516129032258,0.0833333333333333,372
Ape009,Ama018,Adi003,Aga002,0.864206989247312,0.849462365591398,0.879032258064516,0.0671908602150538,0.0564516129032258,0.0779569892473118,0.0686021505376344,0.0564516129032258,0.0806451612903226,372
Ape009,Ama006,Aru127,Adi003,0.845991935483871,0.825268817204301,0.865591397849462,0.0614193548387097,0.0483870967741935,0.0779569892473118,0.0925887096774193,0.0779569892473118,0.10752688172043,372
Ape009,Ama018,Aru127,Aga001,0.849145161290323,0.830645161290323,0.868279569892473,0.0614489247311828,0.0483870967741935,0.0779569892473118,0.0894032258064516,0.0779569892473118,0.104838709677419,372
Ape009,Adi002,Aru127,Adi003,0.00833870967741935,0.00806451612903226,0.010752688172043,0.971978494623656,0.967741935483871,0.975806451612903,0.0196827956989247,0.0161290322580645,0.0241935483870968,372
Ape009,Ape001,Adi002,Aru127,0.91130376344086,0.897849462365591,0.922043010752688,0.0490510752688172,0.043010752688172,0.0564516129032258,0.0396451612903226,0.032258064516129,0.0483870967741935,372
Ape009,Ama018,Ama006,Aza135,0.162333333333333,0.14247311827957,0.185483870967742,0.146244623655914,0.126344086021505,0.169354838709677,0.691422043010753,0.663978494623656,0.717741935483871,372
Ape009,Adi002,Aga001,Aga002,0.922720430107527,0.911290322580645,0.932795698924731,0.0185268817204301,0.0134408602150538,0.0268817204301075,0.058752688172043,0.0483870967741935,0.0698924731182796,372
Ape009,Ama018,Adi001,Adi003,0.978325268817204,0.975806451612903,0.978494623655914,0.0108494623655914,0.010752688172043,0.0134408602150538,0.0108252688172043,0.010752688172043,0.0134408602150538,372
Ape009,Ape001,Ama018,Aga002,0.681147849462366,0.655913978494624,0.704301075268817,0.204564516129032,0.185483870967742,0.225806451612903,0.114284946236559,0.0967741935483871,0.131720430107527,372
Ape009,Ape001,Adi001,Aga002,0.927376344086021,0.916666666666667,0.938172043010753,0.0406532258064516,0.032258064516129,0.0483870967741935,0.0319704301075269,0.0241935483870968,0.0403225806451613,372
Ape009,Adi001,Adi002,Ama006,0.0138870967741935,0.010752688172043,0.0161290322580645,0.00302688172043011,0.00268817204301075,0.00537634408602151,0.983086021505376,0.978494623655914,0.986559139784946,372
Ape009,Ape001,Adi002,Aza135,0.774819892473118,0.755376344086022,0.793010752688172,0.10089247311828,0.0860215053763441,0.115591397849462,0.124287634408602,0.110215053763441,0.139784946236559,372
Ape009,Ape001,Adi002,Adi003,0.981327956989247,0.981182795698925,0.983870967741935,0.00791397849462366,0.00537634408602151,0.00806451612903226,0.010755376344086,0.010752688172043,0.010752688172043,372
Ape009,Ape001,Adi001,Aru127,0.913459677419355,0.900537634408602,0.924731182795699,0.0518978494623656,0.0456989247311828,0.0618279569892473,0.0346424731182796,0.0268817204301075,0.043010752688172,372
Ape009,Ape001,Adi002,Aga002,0.925911290322581,0.913978494623656,0.935483870967742,0.0387795698924731,0.032258064516129,0.0483870967741935,0.0353091397849462,0.0268817204301075,0.0456989247311828,372
Ape009,Ape001,Aru127,Adi003,0.907268817204301,0.895161290322581,0.916666666666667,0.0408279569892473,0.0349462365591398,0.0510752688172043,0.0519032258064516,0.0456989247311828,0.0618279569892473,372
Ape009,Ama018,Adi002,Adi003,0.981123655913979,0.981182795698925,0.981182795698925,0.00812096774193548,0.00806451612903226,0.00806451612903226,0.010758064516129,0.010752688172043,0.010752688172043,372
Ape009,Adi001,Adi002,Aza135,0.0130161290322581,0.010752688172043,0.0161290322580645,0.00545430107526882,0.00537634408602151,0.00806451612903226,0.981529569892473,0.978494623655914,0.983870967741935,372
Ape009,Ape001,Adi001,Ama006,0.69141935483871,0.663978494623656,0.717741935483871,0.103588709677419,0.0887096774193548,0.120967741935484,0.204991935483871,0.182795698924731,0.228494623655914,372
Ape009,Ape001,Aza135,Adi003,0.768459677419355,0.75,0.787634408602151,0.130782258064516,0.115591397849462,0.147849462365591,0.100758064516129,0.0860215053763441,0.115591397849462,372
Ape009,Adi001,Aza135,Aga001,0.0888279569892473,0.0725806451612903,0.104838709677419,0.846911290322581,0.825268817204301,0.865591397849462,0.0642607526881721,0.0510752688172043,0.0806451612903226,372
Ape009,Ape001,Adi002,Aga001,0.935819892473118,0.924731182795699,0.946236559139785,0.0385725806451613,0.0295698924731183,0.0483870967741935,0.0256075268817204,0.0188172043010753,0.032258064516129,372
Ape009,Adi002,Aza135,Aga001,0.0846774193548387,0.0698924731182796,0.102150537634409,0.846075268817204,0.825268817204301,0.865591397849462,0.06925,0.0564516129032258,0.0833333333333333,372
Ape009,Ama018,Aza135,Aga002,0.476166666666667,0.443548387096774,0.508064516129032,0.233784946236559,0.206989247311828,0.260752688172043,0.290048387096774,0.260752688172043,0.31989247311828,372
Ape009,Adi001,Ama006,Aga001,0.0730806451612903,0.0618279569892473,0.0860215053763441,0.862427419354839,0.844086021505376,0.879032258064516,0.064491935483871,0.0510752688172043,0.0779569892473118,372
Ape009,Ape001,Adi003,Aga002,0.91575,0.903225806451613,0.92741935483871,0.0433575268817204,0.0349462365591398,0.0510752688172043,0.0408924731182796,0.032258064516129,0.0510752688172043,372
Ape009,Adi002,Aza135,Adi003,0.00543279569892473,0.00537634408602151,0.00537634408602151,0.975397849462366,0.973118279569892,0.978494623655914,0.0191693548387097,0.0161290322580645,0.021505376344086,372
Ape009,Adi001,Adi002,Aga001,0.0169059139784946,0.0134408602150538,0.021505376344086,0.0172338709677419,0.0134408602150538,0.021505376344086,0.965860215053764,0.959677419354839,0.970430107526882,372
Ape009,Ama018,Adi002,Aga002,0.859887096774194,0.844086021505376,0.873655913978495,0.0670618279569892,0.0564516129032258,0.0779569892473118,0.0730510752688172,0.0618279569892473,0.0860215053763441,372
Ape009,Ape001,Ama018,Aga001,0.68002688172043,0.655913978494624,0.704301075268817,0.21333064516129,0.193548387096774,0.236559139784946,0.10664247311828,0.0913978494623656,0.123655913978495,372
Ape009,Ama018,Adi002,Aru127,0.854798387096774,0.836021505376344,0.870967741935484,0.0846801075268817,0.0725806451612903,0.0994623655913978,0.0605215053763441,0.0483870967741935,0.0752688172043011,372
Ape009,Ape001,Aru127,Aga001,0.90441935483871,0.889784946236559,0.916666666666667,0.0506048387096774,0.0403225806451613,0.0618279569892473,0.0449784946236559,0.0376344086021505,0.0537634408602151,372
Ape009,Ama018,Adi002,Aga001,0.851795698924731,0.836021505376344,0.865591397849462,0.0767741935483871,0.0672043010752688,0.0887096774193548,0.0714301075268817,0.0591397849462366,0.0833333333333333,372
Ape009,Adi001,Aza135,Aga002,0.0780645161290323,0.0618279569892473,0.0940860215053763,0.844008064516129,0.82258064516129,0.862903225806452,0.0779274193548387,0.0645161290322581,0.0940860215053763,372
Ape009,Ama018,Aza135,Adi003,0.474083333333333,0.443548387096774,0.505376344086022,0.227809139784946,0.201612903225806,0.255376344086022,0.29810752688172,0.271505376344086,0.327956989247312,372
Ape009,Ape001,Ama006,Aga001,0.683088709677419,0.655913978494624,0.709677419354839,0.210967741935484,0.188172043010753,0.236559139784946,0.105943548387097,0.0887096774193548,0.126344086021505,372
Ape009,Ama018,Aga001,Aga002,0.973543010752688,0.967741935483871,0.978494623655914,0.00917741935483871,0.00806451612903226,0.0134408602150538,0.0172795698924731,0.0134408602150538,0.021505376344086,372
Ape009,Ape001,Adi001,Aza135,0.77797311827957,0.758064516129032,0.795698924731183,0.100881720430108,0.0860215053763441,0.115591397849462,0.121145161290323,0.10752688172043,0.137096774193548,372
Ape009,Ama018,Adi003,Aga001,0.855682795698925,0.838709677419355,0.870967741935484,0.0771774193548387,0.0672043010752688,0.0887096774193548,0.0671397849462366,0.0564516129032258,0.0806451612903226,372
Ape009,Ama018,Adi001,Aga001,0.85591935483871,0.838709677419355,0.870967741935484,0.0768145161290323,0.0672043010752688,0.0887096774193548,0.0672661290322581,0.0564516129032258,0.0806451612903226,372
Ape009,Ama006,Aza135,Aga001,0.461424731182796,0.43010752688172,0.491935483870968,0.229755376344086,0.201612903225806,0.258064516129032,0.308819892473118,0.279569892473118,0.338709677419355,372
Ape009,Ape001,Aga001,Aga002,0.966583333333333,0.959677419354839,0.970430107526882,0.0118333333333333,0.010752688172043,0.0161290322580645,0.0215833333333333,0.0161290322580645,0.0268817204301075,372
Ape009,Adi002,Ama006,Aza135,0.317793010752688,0.290322580645161,0.346774193548387,0.45052688172043,0.419354838709677,0.481182795698925,0.231677419354839,0.204301075268817,0.260752688172043,372
Ape009,Adi001,Aza135,Adi003,0.00544086021505376,0.00537634408602151,0.00537634408602151,0.980454301075269,0.978494623655914,0.981182795698925,0.0141048387096774,0.0134408602150538,0.0161290322580645,372
Ape009,Ama018,Adi001,Aza135,0.476279569892473,0.446236559139785,0.505376344086022,0.293258064516129,0.266129032258065,0.32258064516129,0.230462365591398,0.204301075268817,0.258064516129032,372
Ape009,Ape001,Aza135,Aru127,0.773508064516129,0.752688172043011,0.793010752688172,0.124556451612903,0.110215053763441,0.14247311827957,0.101935483870968,0.0860215053763441,0.118279569892473,372
Ape009,Ape001,Ama006,Adi003,0.685911290322581,0.658602150537634,0.712365591397849,0.21077688172043,0.188172043010753,0.233870967741935,0.103311827956989,0.0860215053763441,0.120967741935484,372
Ape009,Ape001,Ama006,Aza135,0.700989247311828,0.674731182795699,0.725806451612903,0.181360215053763,0.158602150537634,0.204301075268817,0.117650537634409,0.0994623655913978,0.137096774193548,372
Ape009,Adi002,Ama006,Adi003,0.00884677419354839,0.00806451612903226,0.010752688172043,0.980037634408602,0.975806451612903,0.981182795698925,0.0111155913978495,0.010752688172043,0.0134408602150538,372
Ape009,Adi001,Aru127,Aga002,0.257274193548387,0.228494623655914,0.287634408602151,0.343282258064516,0.311827956989247,0.376344086021505,0.399443548387097,0.365591397849462,0.432795698924731,372
Ape009,Ape001,Ama006,Aga002,0.686088709677419,0.658602150537634,0.712365591397849,0.199634408602151,0.17741935483871,0.223118279569892,0.11427688172043,0.0967741935483871,0.134408602150538,372
Ape009,Adi002,Ama006,Aga002,0.0567795698924731,0.0456989247311828,0.0698924731182796,0.863870967741936,0.846774193548387,0.879032258064516,0.0793494623655914,0.0672043010752688,0.0940860215053763,372
Ape009,Adi001,Ama006,Aza135,0.321852150537634,0.293010752688172,0.352150537634409,0.450870967741935,0.419354838709677,0.481182795698925,0.22727688172043,0.201612903225806,0.255376344086022,372
Ape009,Adi002,Ama006,Aru127,0.0886720430107527,0.0752688172043011,0.102150537634409,0.847513440860215,0.827956989247312,0.865591397849462,0.0638145161290323,0.0510752688172043,0.0779569892473118,372
Ape009,Ama006,Aza135,Adi003,0.446768817204301,0.416666666666667,0.478494623655914,0.227760752688172,0.201612903225806,0.255376344086022,0.325470430107527,0.298387096774194,0.354838709677419,372
Ape009,Ama006,Aza135,Aru127,0.44927688172043,0.416666666666667,0.481182795698925,0.241163978494624,0.212365591397849,0.271505376344086,0.309561827956989,0.279569892473118,0.341397849462366,372
Ape009,Adi002,Adi003,Aga002,0.0119301075268817,0.010752688172043,0.0161290322580645,0.0190725806451613,0.0161290322580645,0.021505376344086,0.968997311827957,0.96505376344086,0.973118279569892,372
Ape009,Adi001,Aru127,Aga001,0.258564516129032,0.231182795698925,0.287634408602151,0.355870967741935,0.325268817204301,0.387096774193548,0.385567204301075,0.354838709677419,0.419354838709677,372
Ape009,Ama018,Adi001,Adi002,0.989150537634409,0.986559139784946,0.989247311827957,0.00813172043010753,0.00806451612903226,0.00806451612903226,0.00271774193548387,0.00268817204301075,0.00268817204301075,372
Ape009,Ama018,Ama006,Aru127,0.15344623655914,0.134408602150538,0.174731182795699,0.13102688172043,0.112903225806452,0.150537634408602,0.71552688172043,0.690860215053763,0.739247311827957,372
Ape009,Adi002,Aza135,Aga002,0.0726021505376344,0.0591397849462366,0.0887096774193548,0.847994623655914,0.827956989247312,0.865591397849462,0.0794032258064516,0.0672043010752688,0.0940860215053763,372
Ape009,Adi002,Aru127,Aga001,0.251731182795699,0.223118279569892,0.282258064516129,0.355185483870968,0.325268817204301,0.387096774193548,0.393083333333333,0.360215053763441,0.42741935483871,372
Ape009,Adi002,Aru127,Aga002,0.246704301075269,0.217741935483871,0.276881720430108,0.342497311827957,0.311827956989247,0.373655913978495,0.410795698924731,0.376344086021505,0.443548387096774,372
Ape009,Adi001,Aza135,Aru127,0.1025,0.0887096774193548,0.118279569892473,0.823112903225806,0.803763440860215,0.841397849462366,0.0743844086021505,0.0618279569892473,0.0887096774193548,372
Ape009,Adi001,Adi003,Aga001,0.0197284946236559,0.0188172043010753,0.0241935483870968,0.0278629032258065,0.0241935483870968,0.032258064516129,0.952411290322581,0.946236559139785,0.956989247311828,372
Ape009,Ape001,Ama006,Aru127,0.688018817204301,0.661290322580645,0.71505376344086,0.197556451612903,0.174731182795699,0.223118279569892,0.114424731182796,0.0967741935483871,0.134408602150538,372
Ape009,Adi001,Aru127,Adi003,0.00847311827956989,0.00806451612903226,0.010752688172043,0.974677419354839,0.970430107526882,0.975806451612903,0.0168494623655914,0.0161290322580645,0.021505376344086,372
Ape009,Ama018,Adi002,Ama006,0.150314516129032,0.131720430107527,0.169354838709677,0.713881720430108,0.688172043010753,0.736559139784946,0.13580376344086,0.118279569892473,0.155913978494624,372
Ape009,Adi001,Adi002,Aga002,0.0143548387096774,0.010752688172043,0.0188172043010753,0.0112096774193548,0.010752688172043,0.0134408602150538,0.974435483870968,0.970430107526882,0.978494623655914,372
Ape009,Ape001,Aza135,Aga002,0.787846774193548,0.768817204301075,0.806451612903226,0.121801075268817,0.10752688172043,0.139784946236559,0.0903521505376344,0.0752688172043011,0.104838709677419,372
Ape009,Ape001,Aru127,Aga002,0.909620967741936,0.895161290322581,0.924731182795699,0.0484569892473118,0.0376344086021505,0.0618279569892473,0.0419247311827957,0.032258064516129,0.0510752688172043,372
Ape009,Ama018,Adi001,Aga002,0.859991935483871,0.844086021505376,0.873655913978495,0.0711935483870968,0.0618279569892473,0.0833333333333333,0.0688145161290323,0.0591397849462366,0.0806451612903226,372
Ape009,Ama006,Aga001,Aga002,0.967604838709678,0.962365591397849,0.973118279569892,0.00936559139784946,0.00806451612903226,0.0134408602150538,0.0230295698924731,0.0188172043010753,0.0295698924731183,372
Ape009,Ape001,Adi003,Aga001,0.92335752688172,0.911290322580645,0.932795698924731,0.0448010752688172,0.0376344086021505,0.0537634408602151,0.0318413978494624,0.0268817204301075,0.0403225806451613,372
Asu001,Age001,Ama018,Adi003,0.180631720430108,0.158602150537634,0.204301075268817,0.614806451612903,0.586021505376344,0.64247311827957,0.204561827956989,0.182795698924731,0.228494623655914,372
Asu001,Ape001,Adi001,Aza135,0.0946021505376344,0.0806451612903226,0.110215053763441,0.804532258064516,0.782258064516129,0.825268817204301,0.100862903225806,0.0860215053763441,0.118279569892473,372
Asu001,Ape001,Adi003,Aga002,0.0821021505376344,0.0672043010752688,0.0994623655913978,0.104368279569892,0.0887096774193548,0.120967741935484,0.813529569892473,0.793010752688172,0.833333333333333,372
Asu001,Age001,Ama018,Aru127,0.368567204301075,0.336021505376344,0.400537634408602,0.419709677419355,0.387096774193548,0.454301075268817,0.211725806451613,0.182795698924731,0.241935483870968,372
Asu001,Age001,Adi003,Aga002,0.0592258064516129,0.0483870967741935,0.0698924731182796,0.0878413978494624,0.0779569892473118,0.0994623655913978,0.852932795698925,0.836021505376344,0.868279569892473,372
Asu001,Ape001,Adi001,Aru127,0.408591397849462,0.376344086021505,0.440860215053763,0.358924731182796,0.327956989247312,0.389784946236559,0.232483870967742,0.204301075268817,0.260752688172043,372
Asu001,Ape001,Ama018,Adi002,0.104768817204301,0.0913978494623656,0.120967741935484,0.0888844086021505,0.0752688172043011,0.104838709677419,0.806346774193548,0.787634408602151,0.825268817204301,372
Ape009,Aza135,Aru127,Aga001,0.802983870967742,0.779569892473118,0.825268817204301,0.0977634408602151,0.0806451612903226,0.115591397849462,0.099252688172043,0.0833333333333333,0.115591397849462,372
Asu001,Ape001,Ama018,Aza135,0.360798387096774,0.333333333333333,0.389784946236559,0.225244623655914,0.201612903225806,0.25,0.413956989247312,0.384408602150538,0.443548387096774,372
Asu001,Ape001,Adi002,Ama006,0.0965618279569892,0.0806451612903226,0.112903225806452,0.815682795698925,0.795698924731183,0.833333333333333,0.087755376344086,0.0752688172043011,0.102150537634409,372
Asu001,Ape001,Aru127,Aga001,0.0884543010752688,0.0752688172043011,0.104838709677419,0.0675779569892473,0.0564516129032258,0.0806451612903226,0.843967741935484,0.825268817204301,0.860215053763441,372
Asu001,Ape001,Adi002,Aru127,0.420583333333333,0.389784946236559,0.451612903225806,0.350978494623656,0.32258064516129,0.381720430107527,0.228438172043011,0.201612903225806,0.255376344086022,372
Asu001,Ape001,Ama006,Adi003,0.0954005376344086,0.0806451612903226,0.110215053763441,0.0893064516129032,0.0779569892473118,0.104838709677419,0.815293010752688,0.795698924731183,0.833333333333333,372
Asu001,Ape001,Ama006,Aga001,0.038758064516129,0.032258064516129,0.0483870967741935,0.0552661290322581,0.0483870967741935,0.0645161290322581,0.905975806451613,0.895161290322581,0.916666666666667,372
Asu001,Age001,Ape001,Ama006,0.815532258064516,0.795698924731183,0.833333333333333,0.10194623655914,0.0860215053763441,0.118279569892473,0.0825215053763441,0.0698924731182796,0.0967741935483871,372
Asu001,Age001,Ape001,Aru127,0.340516129032258,0.309139784946237,0.373655913978495,0.437790322580645,0.405913978494624,0.470430107526882,0.221690860215054,0.193548387096774,0.252688172043011,372
Asu001,Ape001,Adi001,Aga001,0.0879758064516129,0.0752688172043011,0.104838709677419,0.0841639784946237,0.0725806451612903,0.0994623655913978,0.827860215053763,0.809139784946237,0.846774193548387,372
Asu001,Age001,Adi001,Adi002,0.946096774193548,0.938172043010753,0.951612903225806,0.0226021505376344,0.0188172043010753,0.0268817204301075,0.0312983870967742,0.0268817204301075,0.0376344086021505,372
Asu001,Age001,Adi002,Adi003,0.94097311827957,0.935483870967742,0.946236559139785,0.0186639784946237,0.0161290322580645,0.021505376344086,0.0403629032258065,0.0376344086021505,0.0456989247311828,372
Asu001,Age001,Adi003,Aga001,0.0719112903225806,0.0618279569892473,0.0833333333333333,0.0871693548387097,0.0779569892473118,0.0994623655913978,0.84091935483871,0.825268817204301,0.854838709677419,372
Asu001,Age001,Ama018,Adi002,0.190102150537634,0.166666666666667,0.21505376344086,0.617690860215054,0.588709677419355,0.645161290322581,0.192204301075269,0.169354838709677,0.21505376344086,372
Asu001,Age001,Aza135,Aga002,0.100244623655914,0.0860215053763441,0.115591397849462,0.11,0.0940860215053763,0.126344086021505,0.789755376344086,0.768817204301075,0.809139784946237,372
Asu001,Ama018,Adi002,Adi003,0.951706989247312,0.948924731182796,0.954301075268817,0.0233279569892473,0.0188172043010753,0.0268817204301075,0.0249650537634409,0.0241935483870968,0.0268817204301075,372
Asu001,Ape001,Aru127,Adi003,0.410422043010753,0.379032258064516,0.443548387096774,0.232094086021505,0.204301075268817,0.260752688172043,0.357486559139785,0.327956989247312,0.389784946236559,372
Asu001,Ama018,Adi001,Aza135,0.0816612903225806,0.0672043010752688,0.0967741935483871,0.814002688172043,0.793010752688172,0.833333333333333,0.104336021505376,0.0887096774193548,0.120967741935484,372
Asu001,Ape001,Aza135,Aru127,0.128424731182796,0.110215053763441,0.147849462365591,0.103846774193548,0.0887096774193548,0.120967741935484,0.767728494623656,0.744623655913978,0.790322580645161,372
Asu001,Age001,Adi002,Aza135,0.180884408602151,0.158602150537634,0.206989247311828,0.202736559139785,0.18010752688172,0.228494623655914,0.616379032258065,0.588709677419355,0.645161290322581,372
Asu001,Ape001,Aru127,Aga002,0.0785537634408602,0.0645161290322581,0.0940860215053763,0.0734516129032258,0.0591397849462366,0.0887096774193548,0.847991935483871,0.827956989247312,0.865591397849462,372
Asu001,Age001,Adi002,Aga001,0.0668306451612903,0.0564516129032258,0.0779569892473118,0.086760752688172,0.0752688172043011,0.0994623655913978,0.846411290322581,0.830645161290323,0.860215053763441,372
Asu001,Ape001,Ama018,Ama006,0.757322580645161,0.733870967741935,0.779569892473118,0.11305376344086,0.0967741935483871,0.131720430107527,0.129623655913978,0.112903225806452,0.150537634408602,372
Asu001,Ape001,Ama018,Adi003,0.102333333333333,0.0887096774193548,0.118279569892473,0.0899462365591398,0.0779569892473118,0.104838709677419,0.807720430107527,0.787634408602151,0.825268817204301,372
Ape009,Ama006,Adi003,Aga002,0.869674731182796,0.852150537634409,0.884408602150538,0.0592983870967742,0.0483870967741935,0.0725806451612903,0.0710268817204301,0.0591397849462366,0.0860215053763441,372
Asu001,Age001,Adi002,Aru127,0.230860215053763,0.204301075268817,0.260752688172043,0.233768817204301,0.206989247311828,0.263440860215054,0.535370967741935,0.502688172043011,0.567204301075269,372
Asu001,Age001,Aza135,Aga001,0.0753924731182796,0.0645161290322581,0.0887096774193548,0.116174731182796,0.102150537634409,0.131720430107527,0.808432795698925,0.790322580645161,0.825268817204301,372
Asu001,Ape001,Adi001,Adi003,0.956677419354839,0.951612903225806,0.959677419354839,0.0218682795698925,0.021505376344086,0.0241935483870968,0.0214543010752688,0.0188172043010753,0.0268817204301075,372
Ape009,Adi003,Aga001,Aga002,0.918155913978494,0.905913978494624,0.92741935483871,0.0218360215053763,0.0161290322580645,0.0295698924731183,0.060008064516129,0.0510752688172043,0.0698924731182796,372
Asu001,Ape001,Ama006,Aga002,0.0376317204301075,0.032258064516129,0.0456989247311828,0.0524516129032258,0.0456989247311828,0.0618279569892473,0.909913978494624,0.897849462365591,0.919354838709677,372
Asu001,Age001,Aru127,Adi003,0.21402688172043,0.185483870967742,0.241935483870968,0.533438172043011,0.5,0.567204301075269,0.252534946236559,0.223118279569892,0.282258064516129,372
Ape009,Aru127,Adi003,Aga002,0.351306451612903,0.31989247311828,0.384408602150538,0.252975806451613,0.225806451612903,0.282258064516129,0.395717741935484,0.362903225806452,0.43010752688172,372
Asu001,Ama018,Adi001,Aga001,0.095494623655914,0.0806451612903226,0.110215053763441,0.0762365591397849,0.0645161290322581,0.0887096774193548,0.828271505376344,0.809139784946237,0.844086021505376,372
Ape009,Aza135,Adi003,Aga001,0.84233064516129,0.82258064516129,0.860215053763441,0.098489247311828,0.0833333333333333,0.115591397849462,0.0591801075268817,0.0483870967741935,0.0725806451612903,372
Asu001,Ape001,Ama018,Aru127,0.13069623655914,0.115591397849462,0.147849462365591,0.0854381720430108,0.0725806451612903,0.102150537634409,0.783862903225806,0.763440860215054,0.803763440860215,372
Asu001,Age001,Ama018,Ama006,0.926529569892473,0.916666666666667,0.935483870967742,0.0374435483870968,0.0295698924731183,0.0456989247311828,0.0360268817204301,0.0295698924731183,0.043010752688172,372
Ape009,Aza135,Adi003,Aga002,0.852260752688172,0.830645161290323,0.870967741935484,0.0812795698924731,0.0672043010752688,0.0967741935483871,0.0664596774193548,0.0537634408602151,0.0806451612903226,372
Asu001,Age001,Ama018,Aga002,0.0951747311827957,0.0833333333333333,0.110215053763441,0.108413978494624,0.0913978494623656,0.126344086021505,0.796413978494624,0.774193548387097,0.817204301075269,372
Asu001,Ape001,Ama018,Aga001,0.0400134408602151,0.032258064516129,0.0483870967741935,0.0488736559139785,0.043010752688172,0.0564516129032258,0.911115591397849,0.900537634408602,0.922043010752688,372
Asu001,Ape001,Adi003,Aga001,0.0871666666666667,0.0725806451612903,0.102150537634409,0.0803817204301075,0.0672043010752688,0.0967741935483871,0.832451612903226,0.811827956989247,0.852150537634409,372
Asu001,Age001,Adi001,Aga001,0.0603064516129032,0.0510752688172043,0.0725806451612903,0.082491935483871,0.0725806451612903,0.0940860215053763,0.857204301075269,0.841397849462366,0.870967741935484,372
Asu001,Ape001,Adi002,Aga002,0.0853844086021505,0.0698924731182796,0.102150537634409,0.102540322580645,0.0887096774193548,0.120967741935484,0.812075268817204,0.790322580645161,0.833333333333333,372
Asu001,Ape001,Ama006,Aza135,0.355518817204301,0.325268817204301,0.387096774193548,0.229180107526882,0.201612903225806,0.258064516129032,0.415301075268817,0.384408602150538,0.446236559139785,372
Asu001,Age001,Ama006,Aza135,0.836166666666667,0.814516129032258,0.854838709677419,0.0913575268817204,0.0752688172043011,0.10752688172043,0.0724731182795699,0.0564516129032258,0.0913978494623656,372
Asu001,Ama018,Adi001,Ama006,0.0295188172043011,0.021505376344086,0.0376344086021505,0.928317204301075,0.916666666666667,0.938172043010753,0.0421666666666667,0.0349462365591398,0.0510752688172043,372
Asu001,Ama018,Adi001,Aru127,0.40464247311828,0.373655913978495,0.435483870967742,0.373822580645161,0.344086021505376,0.405913978494624,0.221534946236559,0.193548387096774,0.25,372
Asu001,Age001,Aru127,Aga001,0.0919435483870968,0.0806451612903226,0.104838709677419,0.0990403225806452,0.0860215053763441,0.112903225806452,0.809016129032258,0.793010752688172,0.825268817204301,372
Asu001,Age001,Ape001,Adi002,0.183752688172043,0.161290322580645,0.209677419354839,0.623155913978495,0.594086021505376,0.653225806451613,0.193091397849462,0.169354838709677,0.217741935483871,372
Ape009,Aru127,Adi003,Aga001,0.355494623655914,0.325268817204301,0.387096774193548,0.261908602150538,0.233870967741935,0.293010752688172,0.382596774193548,0.349462365591398,0.416666666666667,372
Asu001,Age001,Adi002,Aga002,0.0610564516129032,0.0510752688172043,0.0725806451612903,0.0786129032258065,0.0672043010752688,0.0913978494623656,0.86033064516129,0.844086021505376,0.876344086021505,372
Asu001,Age001,Ama006,Aru127,0.360709677419355,0.327956989247312,0.39247311827957,0.419104838709677,0.384408602150538,0.454301075268817,0.220185483870968,0.190860215053763,0.25,372
Asu001,Age001,Adi002,Ama006,0.202161290322581,0.17741935483871,0.228494623655914,0.19825,0.174731182795699,0.223118279569892,0.599591397849462,0.57258064516129,0.629032258064516,372
Asu001,Age001,Adi001,Aru127,0.216241935483871,0.188172043010753,0.244623655913978,0.236862903225806,0.206989247311828,0.266129032258065,0.546895161290323,0.513440860215054,0.580645161290323,372
Asu001,Ape001,Adi002,Adi003,0.957376344086022,0.954301075268817,0.962365591397849,0.0205322580645161,0.0161290322580645,0.0241935483870968,0.0220913978494624,0.0188172043010753,0.0268817204301075,372
Asu001,Age001,Ape001,Ama018,0.808967741935484,0.790322580645161,0.827956989247312,0.105771505376344,0.0913978494623656,0.123655913978495,0.085260752688172,0.0752688172043011,0.0994623655913978,372
Asu001,Age001,Aru127,Aga002,0.104575268817204,0.0913978494623656,0.118279569892473,0.0918575268817204,0.0779569892473118,0.10752688172043,0.803567204301075,0.78494623655914,0.82258064516129,372
Asu001,Age001,Ama006,Aga001,0.0809623655913978,0.0698924731182796,0.0940860215053763,0.111497311827957,0.0967741935483871,0.126344086021505,0.807543010752688,0.787634408602151,0.825268817204301,372
Asu001,Ape001,Aga001,Aga002,0.800454301075269,0.782258064516129,0.817204301075269,0.127680107526882,0.112903225806452,0.145161290322581,0.0718655913978495,0.0591397849462366,0.0860215053763441,372
Ape009,Ama006,Adi003,Aga001,0.86147311827957,0.844086021505376,0.879032258064516,0.0698844086021505,0.0591397849462366,0.0833333333333333,0.0686397849462366,0.0564516129032258,0.0833333333333333,372
Asu001,Ama018,Adi002,Ama006,0.0358091397849462,0.0295698924731183,0.0456989247311828,0.922228494623656,0.911290322580645,0.932795698924731,0.0419623655913978,0.0349462365591398,0.0510752688172043,372
Asu001,Ama018,Adi001,Adi003,0.959284946236559,0.954301075268817,0.962365591397849,0.0194784946236559,0.0188172043010753,0.021505376344086,0.0212365591397849,0.0188172043010753,0.0268817204301075,372
Asu001,Age001,Ape001,Adi003,0.178510752688172,0.155913978494624,0.204301075268817,0.622766129032258,0.594086021505376,0.653225806451613,0.198725806451613,0.174731182795699,0.223118279569892,372
Asu001,Ape001,Ama018,Aga002,0.0419596774193548,0.0349462365591398,0.0510752688172043,0.0431639784946237,0.0376344086021505,0.0510752688172043,0.914876344086021,0.903225806451613,0.924731182795699,372
Asu001,Age001,Ape001,Aga001,0.0739327956989247,0.0618279569892473,0.0887096774193548,0.117518817204301,0.102150537634409,0.134408602150538,0.808548387096774,0.787634408602151,0.827956989247312,372
Ape009,Aza135,Aga001,Aga002,0.966016129032258,0.959677419354839,0.973118279569892,0.00632795698924731,0.00537634408602151,0.010752688172043,0.0276559139784946,0.021505376344086,0.0349462365591398,372
Asu001,Ape001,Adi001,Aga002,0.0821102150537635,0.0672043010752688,0.0994623655913978,0.103110215053763,0.0887096774193548,0.120967741935484,0.814779569892473,0.793010752688172,0.836021505376344,372
Asu001,Ape001,Aza135,Adi003,0.0904301075268817,0.0752688172043011,0.10752688172043,0.107177419354839,0.0913978494623656,0.123655913978495,0.802395161290323,0.779569892473118,0.82258064516129,372
Asu001,Age001,Aza135,Aru127,0.342413978494624,0.311827956989247,0.373655913978495,0.428064516129032,0.395161290322581,0.462365591397849,0.229521505376344,0.201612903225806,0.260752688172043,372
Asu001,Age001,Adi001,Adi003,0.931061827956989,0.922043010752688,0.938172043010753,0.0195833333333333,0.0188172043010753,0.0241935483870968,0.0493548387096774,0.043010752688172,0.0564516129032258,372
Asu001,Age001,Adi001,Ama006,0.177104838709677,0.153225806451613,0.201612903225806,0.205897849462366,0.182795698924731,0.231182795698925,0.616997311827957,0.588709677419355,0.645161290322581,372
Asu001,Ama018,Adi001,Adi002,0.968260752688172,0.962365591397849,0.973118279569892,0.0167768817204301,0.0134408602150538,0.021505376344086,0.0149623655913978,0.010752688172043,0.0188172043010753,372
Asu001,Age001,Ape001,Adi001,0.175301075268817,0.150537634408602,0.201612903225806,0.63072311827957,0.602150537634409,0.658602150537634,0.19397311827957,0.169354838709677,0.220430107526882,372
Ape009,Aza135,Aru127,Aga002,0.792731182795699,0.768817204301075,0.814516129032258,0.0894086021505376,0.0725806451612903,0.10752688172043,0.11785752688172,0.102150537634409,0.137096774193548,372
Asu001,Age001,Aga001,Aga002,0.767642473118279,0.75,0.78494623655914,0.133594086021505,0.118279569892473,0.150537634408602,0.0987661290322581,0.0860215053763441,0.112903225806452,372
Ape009,Aru127,Aga001,Aga002,0.92910752688172,0.919354838709677,0.938172043010753,0.0278978494623656,0.021505376344086,0.0349462365591398,0.042994623655914,0.0376344086021505,0.0510752688172043,372
Asu001,Age001,Ape001,Aga002,0.100564516129032,0.0860215053763441,0.115591397849462,0.112838709677419,0.0967741935483871,0.131720430107527,0.786596774193548,0.766129032258065,0.806451612903226,372
Asu001,Age001,Ama018,Aza135,0.810556451612903,0.787634408602151,0.830645161290323,0.105258064516129,0.0887096774193548,0.123655913978495,0.0841881720430108,0.0672043010752688,0.102150537634409,372
Asu001,Age001,Adi001,Aza135,0.166491935483871,0.14247311827957,0.190860215053763,0.206755376344086,0.182795698924731,0.231182795698925,0.626752688172043,0.599462365591398,0.655913978494624,372
Asu001,Age001,Adi001,Aga002,0.0593655913978495,0.0483870967741935,0.0725806451612903,0.0788521505376344,0.0672043010752688,0.0913978494623656,0.861782258064516,0.846774193548387,0.876344086021505,372
Asu001,Ape001,Adi001,Adi002,0.960604838709677,0.956989247311828,0.96505376344086,0.021491935483871,0.0188172043010753,0.0241935483870968,0.0179032258064516,0.0134408602150538,0.021505376344086,372
Asu001,Ape001,Adi002,Aga001,0.0864543010752688,0.0698924731182796,0.102150537634409,0.0793844086021505,0.0672043010752688,0.0940860215053763,0.834158602150538,0.814516129032258,0.854838709677419,372
Asu001,Ape001,Adi001,Ama006,0.0901639784946237,0.0752688172043011,0.104838709677419,0.818502688172043,0.798387096774194,0.836021505376344,0.0913306451612903,0.0779569892473118,0.104838709677419,372
Asu001,Ape001,Ama006,Aru127,0.12333064516129,0.10752688172043,0.139784946236559,0.0804381720430107,0.0672043010752688,0.0967741935483871,0.796233870967742,0.774193548387097,0.817204301075269,372
Asu001,Age001,Ama006,Aga002,0.100083333333333,0.0860215053763441,0.115591397849462,0.105209677419355,0.0887096774193548,0.123655913978495,0.794706989247312,0.774193548387097,0.814516129032258,372
Asu001,Ape001,Ama018,Adi001,0.0991075268817204,0.0860215053763441,0.115591397849462,0.0897043010752688,0.0779569892473118,0.104838709677419,0.811188172043011,0.790322580645161,0.830645161290323,372
Asu001,Ape001,Aza135,Aga002,0.0364408602150538,0.0295698924731183,0.0456989247311828,0.0485913978494624,0.0403225806451613,0.0591397849462366,0.914967741935484,0.903225806451613,0.92741935483871,372
Asu001,Ape001,Aza135,Aga001,0.0385215053763441,0.0295698924731183,0.0483870967741935,0.0455215053763441,0.0376344086021505,0.0537634408602151,0.915956989247312,0.903225806451613,0.92741935483871,372
Asu001,Age001,Ama018,Adi001,0.174682795698925,0.153225806451613,0.198924731182796,0.633123655913978,0.604838709677419,0.661290322580645,0.192190860215054,0.169354838709677,0.21505376344086,372
Asu001,Ape001,Adi002,Aza135,0.0992016129032258,0.0860215053763441,0.115591397849462,0.80233064516129,0.782258064516129,0.82258064516129,0.0984677419354839,0.0833333333333333,0.115591397849462,372
Asu001,Age001,Ama018,Aga001,0.0733333333333333,0.0645161290322581,0.0860215053763441,0.117298387096774,0.102150537634409,0.134408602150538,0.809368279569892,0.790322580645161,0.825268817204301,372
Asu001,Age001,Ama006,Adi003,0.190795698924731,0.166666666666667,0.21505376344086,0.599228494623656,0.56989247311828,0.626344086021505,0.209975806451613,0.188172043010753,0.233870967741935,372
Ape009,Aza135,Aru127,Adi003,0.818610215053764,0.798387096774194,0.838709677419355,0.0740698924731183,0.0618279569892473,0.0887096774193548,0.107319892473118,0.0940860215053763,0.123655913978495,372
Asu001,Age001,Ape001,Aza135,0.777892473118279,0.755376344086022,0.798387096774194,0.129161290322581,0.110215053763441,0.150537634408602,0.0929462365591398,0.0779569892473118,0.110215053763441,372
Asu001,Age001,Aza135,Adi003,0.164051075268817,0.139784946236559,0.188172043010753,0.616123655913979,0.586021505376344,0.645161290322581,0.219825268817204,0.196236559139785,0.244623655913978,372
Asu001,Aza135,Aga001,Aga002,0.800360215053763,0.779569892473118,0.81989247311828,0.122879032258065,0.10752688172043,0.139784946236559,0.076760752688172,0.0618279569892473,0.0913978494623656,372
Age001,Ape001,Adi002,Aga002,0.176317204301075,0.153225806451613,0.201612903225806,0.626056451612903,0.596774193548387,0.655913978494624,0.197626344086022,0.174731182795699,0.223118279569892,372
Asu001,Adi001,Adi003,Aga001,0.0191935483870968,0.0188172043010753,0.021505376344086,0.0221344086021505,0.0161290322580645,0.0268817204301075,0.958672043010753,0.951612903225806,0.96505376344086,372
Asu001,Ama018,Ama006,Aga002,0.00721774193548387,0.00537634408602151,0.010752688172043,0.014241935483871,0.010752688172043,0.0188172043010753,0.978540322580645,0.973118279569892,0.983870967741935,372
Age001,Ape001,Ama018,Adi001,0.0582258064516129,0.0483870967741935,0.0698924731182796,0.0486505376344086,0.0376344086021505,0.0618279569892473,0.893123655913979,0.879032258064516,0.905913978494624,372
Asu001,Adi002,Aza135,Aga002,0.102118279569892,0.0887096774193548,0.118279569892473,0.0904005376344086,0.0752688172043011,0.10752688172043,0.807481182795699,0.787634408602151,0.827956989247312,372
Asu001,Adi002,Ama006,Adi003,0.0205967741935484,0.0161290322580645,0.0241935483870968,0.950913978494624,0.946236559139785,0.954301075268817,0.028489247311828,0.0268817204301075,0.032258064516129,372
Asu001,Ama018,Aza135,Aga001,0.0215725806451613,0.0161290322580645,0.0295698924731183,0.0259758064516129,0.021505376344086,0.032258064516129,0.952451612903226,0.943548387096774,0.959677419354839,372
Age001,Ape001,Adi002,Adi003,0.94725,0.940860215053763,0.951612903225806,0.0280564516129032,0.0268817204301075,0.032258064516129,0.0246935483870968,0.0188172043010753,0.0295698924731183,372
Asu001,Aza135,Adi003,Aga002,0.0986801075268817,0.0833333333333333,0.115591397849462,0.105258064516129,0.0913978494623656,0.120967741935484,0.796059139784946,0.774193548387097,0.814516129032258,372
Age001,Ape001,Adi002,Aru127,0.220752688172043,0.193548387096774,0.247311827956989,0.587661290322581,0.556451612903226,0.618279569892473,0.191586021505376,0.166666666666667,0.217741935483871,372
Asu001,Ama018,Ama006,Aga001,0.00992204301075269,0.00806451612903226,0.0134408602150538,0.0205134408602151,0.0161290322580645,0.0268817204301075,0.969564516129032,0.962365591397849,0.975806451612903,372
Age001,Ape001,Adi002,Aza135,0.0541827956989247,0.0456989247311828,0.0672043010752688,0.88310752688172,0.868279569892473,0.897849462365591,0.0627096774193548,0.0510752688172043,0.0752688172043011,372
Asu001,Ama006,Aza135,Aga002,0.0261747311827957,0.021505376344086,0.0349462365591398,0.0229381720430108,0.0161290322580645,0.032258064516129,0.950887096774194,0.940860215053763,0.959677419354839,372
Asu001,Ama018,Aru127,Aga002,0.0747956989247312,0.0618279569892473,0.0913978494623656,0.0582204301075269,0.0456989247311828,0.0725806451612903,0.866983870967742,0.849462365591398,0.884408602150538,372
Age001,Ape001,Adi001,Aga001,0.192712365591398,0.169354838709677,0.217741935483871,0.605188172043011,0.577956989247312,0.634408602150538,0.202099462365591,0.17741935483871,0.228494623655914,372
Age001,Ape001,Adi001,Adi002,0.943397849462366,0.935483870967742,0.948924731182796,0.036739247311828,0.032258064516129,0.043010752688172,0.0198602150537634,0.0188172043010753,0.0241935483870968,372
Asu001,Adi001,Adi002,Aza135,0.0192688172043011,0.0161290322580645,0.021505376344086,0.0156693548387097,0.0134408602150538,0.0188172043010753,0.965061827956989,0.959677419354839,0.967741935483871,372
Asu001,Ama006,Aga001,Aga002,0.798564516129032,0.779569892473118,0.817204301075269,0.119634408602151,0.104838709677419,0.137096774193548,0.0818010752688172,0.0672043010752688,0.0967741935483871,372
Age001,Ape001,Ama006,Aru127,0.111698924731183,0.0967741935483871,0.126344086021505,0.0797123655913978,0.0672043010752688,0.0940860215053763,0.808588709677419,0.790322580645161,0.825268817204301,372
Age001,Ape001,Ama018,Aga001,0.0736747311827957,0.0645161290322581,0.0860215053763441,0.0830994623655914,0.0698924731182796,0.0994623655913978,0.843228494623656,0.825268817204301,0.860215053763441,372
Asu001,Adi001,Aza135,Aga001,0.0825645161290322,0.0698924731182796,0.0967741935483871,0.100602150537634,0.0860215053763441,0.115591397849462,0.816836021505376,0.798387096774194,0.833333333333333,372
Age001,Ape001,Adi001,Aru127,0.202516129032258,0.17741935483871,0.231182795698925,0.60225,0.56989247311828,0.634408602150538,0.195233870967742,0.169354838709677,0.223118279569892,372
Asu001,Adi001,Aru127,Aga001,0.0885376344086022,0.0779569892473118,0.102150537634409,0.078491935483871,0.0672043010752688,0.0913978494623656,0.832970430107527,0.817204301075269,0.849462365591398,372
Age001,Ape001,Adi001,Aga002,0.174198924731183,0.150537634408602,0.198924731182796,0.638120967741935,0.610215053763441,0.666666666666667,0.187680107526882,0.163978494623656,0.212365591397849,372
Age001,Ape001,Ama006,Adi003,0.0658736559139785,0.0564516129032258,0.0779569892473118,0.0562204301075269,0.0456989247311828,0.0672043010752688,0.877905913978495,0.862903225806452,0.89247311827957,372
Asu001,Ama018,Aru127,Aga001,0.0747365591397849,0.0618279569892473,0.0887096774193548,0.0493440860215054,0.0376344086021505,0.0618279569892473,0.87591935483871,0.85752688172043,0.89247311827957,372
Asu001,Adi002,Ama006,Aru127,0.362701612903226,0.333333333333333,0.395161290322581,0.406841397849462,0.373655913978495,0.440860215053763,0.230456989247312,0.201612903225806,0.260752688172043,372
Asu001,Adi001,Aga001,Aga002,0.780489247311828,0.760752688172043,0.798387096774194,0.129397849462366,0.115591397849462,0.145161290322581,0.0901129032258065,0.0752688172043011,0.10752688172043,372
Asu001,Ama018,Aza135,Adi003,0.0700134408602151,0.0591397849462366,0.0833333333333333,0.108384408602151,0.0913978494623656,0.126344086021505,0.821602150537635,0.801075268817204,0.841397849462366,372
Asu001,Ama006,Aru127,Aga001,0.086486559139785,0.0725806451612903,0.102150537634409,0.051989247311828,0.0403225806451613,0.0645161290322581,0.861524193548387,0.844086021505376,0.879032258064516,372
Asu001,Adi001,Adi002,Aga001,0.0136317204301075,0.010752688172043,0.0161290322580645,0.0143790322580645,0.010752688172043,0.0188172043010753,0.971989247311828,0.967741935483871,0.978494623655914,372
Asu001,Ama018,Adi002,Aru127,0.405301075268817,0.373655913978495,0.438172043010753,0.377104838709677,0.346774193548387,0.408602150537634,0.217594086021505,0.190860215053763,0.244623655913978,372
Asu001,Adi001,Aru127,Aga002,0.0996989247311828,0.0887096774193548,0.112903225806452,0.076002688172043,0.0645161290322581,0.0887096774193548,0.824298387096774,0.806451612903226,0.841397849462366,372
Age001,Ape001,Ama018,Adi002,0.0629247311827957,0.0537634408602151,0.0752688172043011,0.0486344086021505,0.0376344086021505,0.0591397849462366,0.888440860215054,0.873655913978495,0.903225806451613,372
Asu001,Adi002,Aru127,Aga001,0.0841075268817204,0.0725806451612903,0.0967741935483871,0.0775618279569893,0.0645161290322581,0.0913978494623656,0.83833064516129,0.82258064516129,0.854838709677419,372
Asu001,Adi001,Ama006,Aga001,0.0843736559139785,0.0725806451612903,0.0994623655913978,0.0948897849462366,0.0806451612903226,0.110215053763441,0.820736559139785,0.801075268817204,0.838709677419355,372
Asu001,Ama018,Adi001,Aga002,0.0867177419354839,0.0725806451612903,0.104838709677419,0.0954220430107527,0.0833333333333333,0.110215053763441,0.817860215053763,0.798387096774194,0.836021505376344,372
Asu001,Ama018,Ama006,Aru127,0.0402204301075269,0.032258064516129,0.0483870967741935,0.0513629032258065,0.0456989247311828,0.0591397849462366,0.908416666666667,0.897849462365591,0.916666666666667,372
Asu001,Adi001,Aza135,Aga002,0.101975806451613,0.0887096774193548,0.118279569892473,0.0927204301075269,0.0779569892473118,0.110215053763441,0.805301075268817,0.78494623655914,0.825268817204301,372
Asu001,Adi001,Adi002,Aru127,0.0171989247311828,0.0134408602150538,0.021505376344086,0.00903763440860215,0.00537634408602151,0.0134408602150538,0.973763440860215,0.967741935483871,0.978494623655914,372
Asu001,Ama006,Aru127,Aga002,0.0873817204301075,0.0725806451612903,0.104838709677419,0.0548413978494624,0.043010752688172,0.0698924731182796,0.85777688172043,0.838709677419355,0.876344086021505,372
Age001,Ape001,Ama018,Aga002,0.084497311827957,0.0725806451612903,0.0967741935483871,0.0876397849462365,0.0752688172043011,0.102150537634409,0.827862903225806,0.809139784946237,0.844086021505376,372
Asu001,Adi001,Adi002,Ama006,0.0231881720430108,0.0188172043010753,0.0295698924731183,0.00893279569892473,0.00537634408602151,0.0134408602150538,0.967879032258064,0.962365591397849,0.973118279569892,372
Age001,Ape001,Adi001,Adi003,0.933825268817204,0.92741935483871,0.938172043010753,0.0412741935483871,0.0376344086021505,0.0456989247311828,0.0249032258064516,0.0241935483870968,0.0295698924731183,372
Asu001,Ama018,Aru127,Adi003,0.395150537634409,0.362903225806452,0.42741935483871,0.227263440860215,0.198924731182796,0.255376344086022,0.377586021505376,0.346774193548387,0.408602150537634,372
Asu001,Ama018,Adi002,Aga001,0.0945510752688172,0.0806451612903226,0.110215053763441,0.0742284946236559,0.0618279569892473,0.0887096774193548,0.831217741935484,0.811827956989247,0.849462365591398,372
Asu001,Adi002,Aza135,Aga001,0.0811478494623656,0.0698924731182796,0.0940860215053763,0.0983145161290323,0.0833333333333333,0.115591397849462,0.820537634408602,0.801075268817204,0.838709677419355,372
Asu001,Ama006,Aza135,Aru127,0.0884569892473118,0.0752688172043011,0.104838709677419,0.113384408602151,0.0967741935483871,0.131720430107527,0.798158602150538,0.776881720430108,0.817204301075269,372
Asu001,Ama018,Adi002,Aga002,0.0849650537634409,0.0698924731182796,0.102150537634409,0.0918817204301075,0.0779569892473118,0.10752688172043,0.823153225806452,0.801075268817204,0.841397849462366,372
Asu001,Ama006,Aza135,Aga001,0.0298091397849462,0.0241935483870968,0.0376344086021505,0.0224032258064516,0.0161290322580645,0.0295698924731183,0.947787634408602,0.938172043010753,0.956989247311828,372
Asu001,Ama018,Adi003,Aga001,0.0916881720430107,0.0779569892473118,0.10752688172043,0.0735967741935484,0.0618279569892473,0.0887096774193548,0.834715053763441,0.817204301075269,0.852150537634409,372
Asu001,Aru127,Adi003,Aga002,0.0734677419354839,0.0618279569892473,0.0887096774193548,0.0978091397849462,0.0860215053763441,0.112903225806452,0.828720430107527,0.809139784946237,0.846774193548387,372
Asu001,Aza135,Aru127,Adi003,0.425596774193548,0.39247311827957,0.459677419354839,0.206569892473118,0.18010752688172,0.236559139784946,0.367833333333333,0.336021505376344,0.400537634408602,372
Asu001,Ama006,Adi003,Aga002,0.0868897849462366,0.0725806451612903,0.104838709677419,0.0973736559139785,0.0833333333333333,0.112903225806452,0.815736559139785,0.795698924731183,0.833333333333333,372
Age001,Ape001,Adi001,Aza135,0.0436263440860215,0.0349462365591398,0.0537634408602151,0.891962365591398,0.876344086021505,0.905913978494624,0.0644112903225806,0.0537634408602151,0.0779569892473118,372
Age001,Ape001,Ama006,Aga001,0.0673467741935484,0.0564516129032258,0.0806451612903226,0.0965887096774194,0.0833333333333333,0.112903225806452,0.836061827956989,0.817204301075269,0.852150537634409,372
Asu001,Aru127,Adi003,Aga001,0.0766209677419355,0.0645161290322581,0.0887096774193548,0.0851424731182796,0.0725806451612903,0.0994623655913978,0.838233870967742,0.81989247311828,0.854838709677419,372
Age001,Ape001,Ama018,Adi003,0.063244623655914,0.0537634408602151,0.0752688172043011,0.0555913978494624,0.0456989247311828,0.0672043010752688,0.881163978494624,0.865591397849462,0.895161290322581,372
Asu001,Ama018,Adi002,Aza135,0.0759086021505376,0.0618279569892473,0.0913978494623656,0.818502688172043,0.798387096774194,0.838709677419355,0.105588709677419,0.0887096774193548,0.123655913978495,372
Asu001,Adi002,Aza135,Adi003,0.0125725806451613,0.010752688172043,0.0161290322580645,0.962255376344086,0.956989247311828,0.96505376344086,0.0251720430107527,0.0241935483870968,0.0295698924731183,372
Asu001,Aza135,Aru127,Aga002,0.0878844086021505,0.0725806451612903,0.104838709677419,0.0635860215053763,0.0510752688172043,0.0779569892473118,0.848529569892473,0.827956989247312,0.868279569892473,372
Asu001,Adi002,Adi003,Aga001,0.0142258064516129,0.0134408602150538,0.0161290322580645,0.0140403225806452,0.010752688172043,0.0188172043010753,0.971733870967742,0.967741935483871,0.975806451612903,372
Asu001,Adi002,Aru127,Aga002,0.0931182795698925,0.0806451612903226,0.10752688172043,0.0687741935483871,0.0564516129032258,0.0833333333333333,0.838110215053763,0.81989247311828,0.854838709677419,372
Asu001,Adi001,Ama006,Aru127,0.373577956989247,0.344086021505376,0.405913978494624,0.402618279569892,0.370967741935484,0.435483870967742,0.22380376344086,0.196236559139785,0.252688172043011,372
Asu001,Aza135,Aru127,Aga001,0.0924865591397849,0.0779569892473118,0.10752688172043,0.0613198924731183,0.0483870967741935,0.0752688172043011,0.84619623655914,0.827956989247312,0.862903225806452,372
Age001,Ape001,Ama018,Ama006,0.758010752688172,0.733870967741935,0.779569892473118,0.112,0.0967741935483871,0.129032258064516,0.129989247311828,0.112903225806452,0.147849462365591,372
Asu001,Adi002,Aga001,Aga002,0.782889784946237,0.763440860215054,0.801075268817204,0.118129032258065,0.104838709677419,0.134408602150538,0.0989811827956989,0.0833333333333333,0.115591397849462,372
Asu001,Adi001,Adi003,Aga002,0.0166801075268817,0.0161290322580645,0.0188172043010753,0.0237634408602151,0.021505376344086,0.0268817204301075,0.95955376344086,0.954301075268817,0.962365591397849,372
Asu001,Ama018,Aza135,Aga002,0.0191182795698925,0.0161290322580645,0.0268817204301075,0.0296075268817204,0.0241935483870968,0.0376344086021505,0.951274193548387,0.940860215053763,0.959677419354839,372
Asu001,Adi001,Aza135,Adi003,0.0139543010752688,0.0134408602150538,0.0161290322580645,0.961459677419355,0.956989247311828,0.96505376344086,0.0245833333333333,0.021505376344086,0.0295698924731183,372
Asu001,Aza135,Adi003,Aga001,0.100163978494624,0.0860215053763441,0.115591397849462,0.0833709677419355,0.0698924731182796,0.0967741935483871,0.816465053763441,0.798387096774194,0.833333333333333,372
Age001,Ape001,Ama018,Aza135,0.334943548387097,0.306451612903226,0.362903225806452,0.234368279569892,0.209677419354839,0.260752688172043,0.430685483870968,0.400537634408602,0.459677419354839,372
Asu001,Adi003,Aga001,Aga002,0.784784946236559,0.766129032258065,0.803763440860215,0.119258064516129,0.104838709677419,0.134408602150538,0.0959543010752688,0.0806451612903226,0.112903225806452,372
Age001,Ape001,Adi002,Aga001,0.196150537634409,0.172043010752688,0.220430107526882,0.59269623655914,0.564516129032258,0.620967741935484,0.211153225806452,0.188172043010753,0.236559139784946,372
Asu001,Adi002,Aza135,Aru127,0.354870967741935,0.325268817204301,0.387096774193548,0.430583333333333,0.397849462365591,0.462365591397849,0.214545698924731,0.188172043010753,0.244623655913978,372
Asu001,Ama006,Aza135,Adi003,0.0622231182795699,0.0510752688172043,0.0752688172043011,0.0857150537634409,0.0698924731182796,0.102150537634409,0.852061827956989,0.833333333333333,0.870967741935484,372
Asu001,Adi001,Ama006,Aza135,0.847704301075269,0.827956989247312,0.865591397849462,0.0728736559139785,0.0618279569892473,0.0887096774193548,0.0794220430107527,0.0645161290322581,0.0967741935483871,372
Asu001,Adi001,Adi002,Aga002,0.0164516129032258,0.0134408602150538,0.0188172043010753,0.0162715053763441,0.0134408602150538,0.0188172043010753,0.96727688172043,0.962365591397849,0.970430107526882,372
Age001,Ape001,Adi002,Ama006,0.0601182795698925,0.0483870967741935,0.0725806451612903,0.884567204301075,0.868279569892473,0.897849462365591,0.0553145161290323,0.0456989247311828,0.0672043010752688,372
Age001,Ape001,Ama018,Aru127,0.110760752688172,0.0967741935483871,0.126344086021505,0.0784623655913978,0.0645161290322581,0.0940860215053763,0.81077688172043,0.790322580645161,0.827956989247312,372
Asu001,Ama018,Adi003,Aga002,0.0888844086021505,0.0725806451612903,0.10752688172043,0.0943387096774194,0.0806451612903226,0.110215053763441,0.816779569892473,0.795698924731183,0.836021505376344,372
Asu001,Ama018,Aga001,Aga002,0.804344086021505,0.78494623655914,0.82258064516129,0.120287634408602,0.104838709677419,0.137096774193548,0.0753682795698925,0.0618279569892473,0.0913978494623656,372
Asu001,Adi001,Adi002,Adi003,0.434072580645161,0.400537634408602,0.467741935483871,0.270274193548387,0.241935483870968,0.301075268817204,0.295653225806452,0.266129032258065,0.327956989247312,372
Asu001,Adi001,Aza135,Aru127,0.361733870967742,0.330645161290323,0.39247311827957,0.422475806451613,0.389784946236559,0.454301075268817,0.215793010752688,0.188172043010753,0.244623655913978,372
Asu001,Ama018,Ama006,Aza135,0.113513440860215,0.0994623655913978,0.129032258064516,0.112932795698925,0.0967741935483871,0.129032258064516,0.773556451612903,0.752688172043011,0.793010752688172,372
Asu001,Adi002,Adi003,Aga002,0.0136263440860215,0.0134408602150538,0.0161290322580645,0.0194193548387097,0.0161290322580645,0.0241935483870968,0.966956989247312,0.962365591397849,0.970430107526882,372
Asu001,Adi001,Ama006,Aga002,0.0981801075268817,0.0860215053763441,0.112903225806452,0.088,0.0725806451612903,0.104838709677419,0.813819892473118,0.793010752688172,0.833333333333333,372
Asu001,Ama018,Ama006,Adi003,0.0342177419354839,0.0268817204301075,0.043010752688172,0.0403978494623656,0.032258064516129,0.0483870967741935,0.925384408602151,0.913978494623656,0.935483870967742,372
Asu001,Adi002,Aru127,Adi003,0.0148467741935484,0.0134408602150538,0.0188172043010753,0.956309139784946,0.951612903225806,0.959677419354839,0.0288440860215054,0.0268817204301075,0.032258064516129,372
Age001,Ape001,Ama006,Aga002,0.0780456989247312,0.0672043010752688,0.0913978494623656,0.099747311827957,0.0860215053763441,0.115591397849462,0.822206989247312,0.803763440860215,0.838709677419355,372
Asu001,Adi002,Ama006,Aga001,0.0760564516129032,0.0645161290322581,0.0913978494623656,0.0906451612903226,0.0752688172043011,0.10752688172043,0.833298387096774,0.814516129032258,0.849462365591398,372
Asu001,Adi001,Aru127,Adi003,0.0165672043010753,0.0161290322580645,0.0188172043010753,0.95875,0.954301075268817,0.962365591397849,0.0246801075268817,0.021505376344086,0.0295698924731183,372
Asu001,Aru127,Aga001,Aga002,0.796489247311828,0.776881720430108,0.814516129032258,0.118698924731183,0.104838709677419,0.134408602150538,0.0848145161290322,0.0698924731182796,0.0994623655913978,372
Age001,Ape001,Adi001,Ama006,0.0539838709677419,0.043010752688172,0.0645161290322581,0.887083333333333,0.870967741935484,0.900537634408602,0.0589327956989247,0.0483870967741935,0.0698924731182796,372
Asu001,Ama018,Aza135,Aru127,0.0918360215053763,0.0752688172043011,0.110215053763441,0.129115591397849,0.112903225806452,0.147849462365591,0.779048387096774,0.755376344086022,0.801075268817204,372
Asu001,Ama006,Aru127,Adi003,0.397016129032258,0.365591397849462,0.43010752688172,0.230239247311828,0.201612903225806,0.260752688172043,0.372744623655914,0.344086021505376,0.403225806451613,372
Asu001,Adi002,Ama006,Aza135,0.847309139784946,0.827956989247312,0.865591397849462,0.0681747311827957,0.0564516129032258,0.0833333333333333,0.0845161290322581,0.0672043010752688,0.102150537634409,372
Asu001,Adi002,Ama006,Aga002,0.089755376344086,0.0752688172043011,0.104838709677419,0.0840806451612903,0.0698924731182796,0.102150537634409,0.826161290322581,0.806451612903226,0.844086021505376,372
Asu001,Adi001,Ama006,Adi003,0.0224704301075269,0.021505376344086,0.0268817204301075,0.958741935483871,0.951612903225806,0.962365591397849,0.0187903225806452,0.0161290322580645,0.0241935483870968,372
Asu001,Ama006,Adi003,Aga001,0.0856720430107527,0.0725806451612903,0.0994623655913978,0.0774865591397849,0.0645161290322581,0.0913978494623656,0.836841397849462,0.817204301075269,0.854838709677419,372
Age001,Adi001,Ama006,Aga001,0.598836021505376,0.57258064516129,0.626344086021505,0.210091397849462,0.188172043010753,0.233870967741935,0.191075268817204,0.166666666666667,0.21505376344086,372
Age001,Adi001,Ama006,Aru127,0.619508064516129,0.588709677419355,0.650537634408602,0.201217741935484,0.174731182795699,0.228494623655914,0.17927688172043,0.153225806451613,0.206989247311828,372
Age001,Ama018,Adi003,Aga001,0.200626344086021,0.17741935483871,0.225806451612903,0.600002688172043,0.57258064516129,0.626344086021505,0.199370967741935,0.174731182795699,0.223118279569892,372
Age001,Aza135,Aru127,Adi003,0.211876344086021,0.185483870967742,0.239247311827957,0.173225806451613,0.147849462365591,0.201612903225806,0.614895161290323,0.583333333333333,0.647849462365591,372
Age001,Adi001,Adi002,Aga001,0.0286854838709677,0.0241935483870968,0.0349462365591398,0.0224623655913978,0.021505376344086,0.0268817204301075,0.948852150537634,0.940860215053763,0.954301075268817,372
Age001,Ape001,Aza135,Aga002,0.0868817204301075,0.0725806451612903,0.104838709677419,0.110029569892473,0.0940860215053763,0.129032258064516,0.803088709677419,0.782258064516129,0.82258064516129,372
Age001,Ama018,Adi002,Ama006,0.0131451612903226,0.00806451612903226,0.021505376344086,0.958413978494624,0.948924731182796,0.96505376344086,0.0284435483870968,0.0241935483870968,0.0349462365591398,372
Age001,Ama018,Aru127,Aga001,0.228922043010753,0.201612903225806,0.258064516129032,0.399852150537634,0.368279569892473,0.432795698924731,0.371225806451613,0.341397849462366,0.403225806451613,372
Age001,Adi001,Adi002,Adi003,0.437782258064516,0.405913978494624,0.470430107526882,0.280596774193548,0.252688172043011,0.309139784946237,0.281620967741936,0.252688172043011,0.311827956989247,372
Ape001,Ama018,Adi001,Adi003,0.970045698924731,0.967741935483871,0.970430107526882,0.0164408602150538,0.0161290322580645,0.0188172043010753,0.0135134408602151,0.0134408602150538,0.0161290322580645,372
Age001,Ama018,Adi002,Aga002,0.171462365591398,0.147849462365591,0.196236559139785,0.62335752688172,0.594086021505376,0.650537634408602,0.205180107526882,0.18010752688172,0.231182795698925,372
Age001,Adi001,Adi003,Aga002,0.0418172043010753,0.0376344086021505,0.0483870967741935,0.0196397849462366,0.0188172043010753,0.0241935483870968,0.938543010752688,0.932795698924731,0.943548387096774,372
Age001,Ama018,Aza135,Aga002,0.0761666666666667,0.0591397849462366,0.0940860215053763,0.103365591397849,0.0887096774193548,0.120967741935484,0.820467741935484,0.798387096774194,0.841397849462366,372
Age001,Ama018,Ama006,Aru127,0.0381155913978495,0.0295698924731183,0.0483870967741935,0.0418333333333333,0.0376344086021505,0.0483870967741935,0.920051075268817,0.908602150537634,0.93010752688172,372
Age001,Adi002,Aza135,Aga001,0.594852150537634,0.567204301075269,0.623655913978495,0.203940860215054,0.18010752688172,0.228494623655914,0.201204301075269,0.17741935483871,0.225806451612903,372
Age001,Ape001,Aza135,Aga001,0.0841397849462366,0.0698924731182796,0.0994623655913978,0.107247311827957,0.0913978494623656,0.123655913978495,0.808612903225806,0.787634408602151,0.827956989247312,372
Age001,Ape001,Aga001,Aga002,0.887569892473118,0.876344086021505,0.897849462365591,0.0682661290322581,0.0618279569892473,0.0779569892473118,0.0441639784946237,0.0376344086021505,0.0510752688172043,372
Age001,Ama018,Aru127,Aga002,0.23360752688172,0.204301075268817,0.263440860215054,0.383849462365591,0.352150537634409,0.416666666666667,0.382543010752688,0.352150537634409,0.413978494623656,372
Age001,Ama018,Adi002,Adi003,0.938158602150538,0.932795698924731,0.943548387096774,0.0331317204301075,0.0295698924731183,0.0376344086021505,0.0287096774193548,0.0241935483870968,0.032258064516129,372
Age001,Ama018,Adi003,Aga002,0.183486559139785,0.161290322580645,0.206989247311828,0.615045698924731,0.586021505376344,0.64247311827957,0.201467741935484,0.17741935483871,0.225806451612903,372
Age001,Ama018,Aza135,Aru127,0.082494623655914,0.0698924731182796,0.0967741935483871,0.117747311827957,0.104838709677419,0.134408602150538,0.799758064516129,0.779569892473118,0.817204301075269,372
Age001,Adi002,Adi003,Aga001,0.0365779569892473,0.0349462365591398,0.0403225806451613,0.0158360215053763,0.010752688172043,0.0188172043010753,0.947586021505376,0.940860215053763,0.951612903225806,372
Age001,Ama018,Ama006,Aza135,0.11166935483871,0.0967741935483871,0.129032258064516,0.104959677419355,0.0913978494623656,0.120967741935484,0.783370967741935,0.763440860215054,0.803763440860215,372
Age001,Adi002,Aru127,Aga002,0.575545698924731,0.543010752688172,0.60752688172043,0.194680107526882,0.166666666666667,0.223118279569892,0.229774193548387,0.201612903225806,0.258064516129032,372
Age001,Adi001,Aza135,Aga001,0.605405913978495,0.577956989247312,0.631720430107527,0.208336021505376,0.185483870967742,0.233870967741935,0.186260752688172,0.163978494623656,0.212365591397849,372
Age001,Adi002,Ama006,Aga001,0.581817204301075,0.553763440860215,0.610215053763441,0.203991935483871,0.18010752688172,0.228494623655914,0.214190860215054,0.190860215053763,0.239247311827957,372
Age001,Adi002,Aru127,Aga001,0.545903225806452,0.513440860215054,0.577956989247312,0.20775,0.18010752688172,0.236559139784946,0.246349462365591,0.217741935483871,0.276881720430108,372
Age001,Adi002,Aga001,Aga002,0.905688172043011,0.895161290322581,0.913978494623656,0.0474838709677419,0.0403225806451613,0.0564516129032258,0.0468279569892473,0.0403225806451613,0.0537634408602151,372
Age001,Adi002,Aru127,Adi003,0.0278360215053763,0.0241935483870968,0.032258064516129,0.941416666666667,0.935483870967742,0.946236559139785,0.030747311827957,0.0268817204301075,0.0349462365591398,372
Age001,Adi002,Aza135,Adi003,0.0274247311827957,0.0241935483870968,0.032258064516129,0.942241935483871,0.935483870967742,0.948924731182796,0.0303333333333333,0.0241935483870968,0.0349462365591398,372
Age001,Ape001,Ama006,Aza135,0.343860215053763,0.314516129032258,0.373655913978495,0.225336021505376,0.198924731182796,0.255376344086022,0.430806451612903,0.397849462365591,0.462365591397849,372
Age001,Ama018,Aza135,Adi003,0.0311612903225806,0.0241935483870968,0.0403225806451613,0.076239247311828,0.0645161290322581,0.0887096774193548,0.892599462365592,0.876344086021505,0.905913978494624,372
Age001,Adi001,Adi002,Aza135,0.0386612903225806,0.032258064516129,0.0456989247311828,0.0170994623655914,0.0161290322580645,0.021505376344086,0.944239247311828,0.938172043010753,0.951612903225806,372
Age001,Ama018,Adi001,Aga001,0.188427419354839,0.166666666666667,0.212365591397849,0.615860215053763,0.588709677419355,0.64247311827957,0.195712365591398,0.172043010752688,0.220430107526882,372
Age001,Adi001,Aru127,Adi003,0.0402258064516129,0.0349462365591398,0.0456989247311828,0.934817204301075,0.93010752688172,0.940860215053763,0.0249569892473118,0.0241935483870968,0.0295698924731183,372
Age001,Adi002,Ama006,Aru127,0.603293010752688,0.56989247311828,0.634408602150538,0.209938172043011,0.182795698924731,0.239247311827957,0.186768817204301,0.161290322580645,0.21505376344086,372
Age001,Aru127,Aga001,Aga002,0.891204301075269,0.881720430107527,0.897849462365591,0.0573091397849462,0.0510752688172043,0.0645161290322581,0.0514865591397849,0.0456989247311828,0.0591397849462366,372
Age001,Ape001,Aru127,Aga001,0.236755376344086,0.209677419354839,0.266129032258065,0.404508064516129,0.373655913978495,0.438172043010753,0.358736559139785,0.327956989247312,0.389784946236559,372
Age001,Ama018,Adi001,Aga002,0.17002688172043,0.147849462365591,0.193548387096774,0.639301075268817,0.610215053763441,0.666666666666667,0.190672043010753,0.166666666666667,0.21505376344086,372
Age001,Aru127,Adi003,Aga002,0.211513440860215,0.182795698924731,0.241935483870968,0.572489247311828,0.540322580645161,0.604838709677419,0.215997311827957,0.188172043010753,0.244623655913978,372
Age001,Ama018,Ama006,Aga002,0.027255376344086,0.021505376344086,0.0349462365591398,0.037486559139785,0.0295698924731183,0.0456989247311828,0.935258064516129,0.924731182795699,0.943548387096774,372
Age001,Ape001,Aru127,Aga002,0.248846774193548,0.220430107526882,0.279569892473118,0.403443548387097,0.370967741935484,0.435483870967742,0.347709677419355,0.317204301075269,0.379032258064516,372
Age001,Adi003,Aga001,Aga002,0.909650537634409,0.900537634408602,0.916666666666667,0.0410994623655914,0.0349462365591398,0.0483870967741935,0.04925,0.043010752688172,0.0564516129032258,372
Age001,Adi001,Aru127,Aga002,0.589889784946237,0.556451612903226,0.623655913978495,0.199341397849462,0.172043010752688,0.228494623655914,0.210766129032258,0.182795698924731,0.239247311827957,372
Age001,Aza135,Aru127,Aga002,0.259462365591398,0.231182795698925,0.290322580645161,0.386376344086022,0.354838709677419,0.419354838709677,0.354163978494624,0.32258064516129,0.384408602150538,372
Age001,Ama018,Aza135,Aga001,0.0780295698924731,0.0618279569892473,0.0967741935483871,0.102333333333333,0.0887096774193548,0.118279569892473,0.819637096774193,0.798387096774194,0.838709677419355,372
Age001,Ama006,Aza135,Aru127,0.072991935483871,0.0618279569892473,0.0860215053763441,0.106744623655914,0.0940860215053763,0.123655913978495,0.820263440860215,0.801075268817204,0.838709677419355,372
Age001,Adi001,Aru127,Aga001,0.560424731182796,0.526881720430108,0.594086021505376,0.211540322580645,0.182795698924731,0.241935483870968,0.228034946236559,0.198924731182796,0.258064516129032,372
Age001,Adi002,Ama006,Aga002,0.599639784946237,0.57258064516129,0.626344086021505,0.185266129032258,0.161290322580645,0.209677419354839,0.215094086021505,0.190860215053763,0.241935483870968,372
Age001,Ama018,Ama006,Adi003,0.017752688172043,0.0134408602150538,0.0241935483870968,0.0253897849462366,0.021505376344086,0.032258064516129,0.956854838709677,0.948924731182796,0.962365591397849,372
Age001,Aru127,Adi003,Aga001,0.226336021505376,0.198924731182796,0.255376344086022,0.546478494623656,0.513440860215054,0.580645161290323,0.227185483870968,0.198924731182796,0.258064516129032,372
Age001,Adi001,Aza135,Adi003,0.0401424731182796,0.0349462365591398,0.0456989247311828,0.934913978494624,0.93010752688172,0.940860215053763,0.0249462365591398,0.0241935483870968,0.0295698924731183,372
Age001,Adi001,Aza135,Aru127,0.621927419354839,0.588709677419355,0.653225806451613,0.209610215053763,0.182795698924731,0.239247311827957,0.168462365591398,0.14247311827957,0.196236559139785,372
Ape001,Ama018,Adi001,Aru127,0.820497311827957,0.801075268817204,0.838709677419355,0.0983951612903226,0.0833333333333333,0.115591397849462,0.0811075268817204,0.0672043010752688,0.0967741935483871,372
Age001,Ama006,Aru127,Aga001,0.242768817204301,0.21505376344086,0.271505376344086,0.391508064516129,0.360215053763441,0.424731182795699,0.36572311827957,0.336021505376344,0.397849462365591,372
Age001,Ape001,Aza135,Aru127,0.106938172043011,0.0913978494623656,0.123655913978495,0.0954435483870968,0.0806451612903226,0.112903225806452,0.79761559139785,0.776881720430108,0.817204301075269,372
Age001,Adi001,Ama006,Aga002,0.618034946236559,0.591397849462366,0.645161290322581,0.192059139784946,0.169354838709677,0.217741935483871,0.189908602150538,0.166666666666667,0.21505376344086,372
Age001,Adi002,Ama006,Adi003,0.0298440860215054,0.0268817204301075,0.0349462365591398,0.94419623655914,0.938172043010753,0.951612903225806,0.0259596774193548,0.021505376344086,0.032258064516129,372
Age001,Ama018,Ama006,Aga001,0.0237043010752688,0.0188172043010753,0.0295698924731183,0.0435241935483871,0.0349462365591398,0.0510752688172043,0.932771505376344,0.922043010752688,0.943548387096774,372
Age001,Ama018,Adi002,Aza135,0.0338387096774194,0.0241935483870968,0.0456989247311828,0.891873655913978,0.876344086021505,0.905913978494624,0.0742876344086022,0.0618279569892473,0.0887096774193548,372
Age001,Ape001,Aru127,Adi003,0.209663978494624,0.182795698924731,0.236559139784946,0.202368279569892,0.17741935483871,0.228494623655914,0.587967741935484,0.556451612903226,0.618279569892473,372
Age001,Ama006,Adi003,Aga001,0.21119623655914,0.188172043010753,0.236559139784946,0.583704301075269,0.556451612903226,0.610215053763441,0.205099462365591,0.182795698924731,0.231182795698925,372
Age001,Ama018,Adi001,Ama006,0.00791666666666667,0.00537634408602151,0.0134408602150538,0.963548387096774,0.956989247311828,0.970430107526882,0.0285349462365591,0.0241935483870968,0.0349462365591398,372
Age001,Ama018,Aga001,Aga002,0.886733870967742,0.876344086021505,0.895161290322581,0.0626344086021505,0.0564516129032258,0.0698924731182796,0.0506317204301075,0.0456989247311828,0.0564516129032258,372
Age001,Adi001,Aza135,Aga002,0.639077956989247,0.610215053763441,0.666666666666667,0.186360215053763,0.163978494623656,0.212365591397849,0.174561827956989,0.150537634408602,0.198924731182796,372
Age001,Ama006,Adi003,Aga002,0.194475806451613,0.172043010752688,0.220430107526882,0.598123655913979,0.56989247311828,0.626344086021505,0.207400537634409,0.182795698924731,0.233870967741935,372
Age001,Ama018,Aru127,Adi003,0.189008064516129,0.163978494623656,0.217741935483871,0.193819892473118,0.166666666666667,0.223118279569892,0.617172043010753,0.586021505376344,0.647849462365591,372
Age001,Ama006,Aru127,Adi003,0.195725806451613,0.169354838709677,0.223118279569892,0.199389784946237,0.172043010752688,0.228494623655914,0.604881720430107,0.57258064516129,0.637096774193548,372
Age001,Ama006,Aga001,Aga002,0.88755376344086,0.876344086021505,0.895161290322581,0.0593951612903226,0.0537634408602151,0.0672043010752688,0.0530510752688172,0.0483870967741935,0.0591397849462366,372
Age001,Aza135,Adi003,Aga002,0.204008064516129,0.18010752688172,0.228494623655914,0.618989247311828,0.591397849462366,0.647849462365591,0.177002688172043,0.153225806451613,0.201612903225806,372
Age001,Ama006,Aza135,Adi003,0.0316747311827957,0.0241935483870968,0.0403225806451613,0.0664086021505376,0.0537634408602151,0.0806451612903226,0.901916666666667,0.887096774193548,0.916666666666667,372
Age001,Adi001,Aga001,Aga002,0.915645161290323,0.905913978494624,0.924731182795699,0.0441586021505376,0.0376344086021505,0.0510752688172043,0.0401962365591398,0.0349462365591398,0.0456989247311828,372
Age001,Ama006,Aru127,Aga002,0.247916666666667,0.220430107526882,0.276881720430108,0.37469623655914,0.344086021505376,0.405913978494624,0.377389784946237,0.346774193548387,0.408602150537634,372
Age001,Adi001,Ama006,Adi003,0.0461182795698925,0.043010752688172,0.0510752688172043,0.934545698924731,0.92741935483871,0.938172043010753,0.0193333333333333,0.0188172043010753,0.021505376344086,372
Age001,Adi001,Ama006,Aza135,0.906814516129032,0.89247311827957,0.919354838709677,0.0364596774193548,0.0268817204301075,0.0483870967741935,0.0567258064516129,0.0456989247311828,0.0698924731182796,372
Ape001,Ama018,Adi001,Ama006,0.123448924731183,0.104838709677419,0.14247311827957,0.76002688172043,0.736559139784946,0.782258064516129,0.11652688172043,0.0994623655913978,0.134408602150538,372
Age001,Adi002,Aza135,Aga002,0.627854838709677,0.599462365591398,0.655913978494624,0.182244623655914,0.158602150537634,0.206989247311828,0.189900537634409,0.166666666666667,0.21505376344086,372
Age001,Ama006,Aza135,Aga002,0.074494623655914,0.0591397849462366,0.0913978494623656,0.0821908602150538,0.0672043010752688,0.0994623655913978,0.843314516129032,0.82258064516129,0.862903225806452,372
Age001,Ama018,Adi002,Aga001,0.190561827956989,0.166666666666667,0.21505376344086,0.601327956989247,0.57258064516129,0.629032258064516,0.20810752688172,0.182795698924731,0.233870967741935,372
Age001,Adi001,Adi002,Ama006,0.0418844086021505,0.0349462365591398,0.0483870967741935,0.0141290322580645,0.0134408602150538,0.0188172043010753,0.943986559139785,0.935483870967742,0.951612903225806,372
Age001,Ama018,Adi001,Adi002,0.942137096774194,0.935483870967742,0.948924731182796,0.0381532258064516,0.032258064516129,0.0456989247311828,0.0197096774193548,0.0188172043010753,0.0241935483870968,372
Age001,Adi001,Adi002,Aga002,0.0378951612903226,0.032258064516129,0.043010752688172,0.0227634408602151,0.021505376344086,0.0268817204301075,0.939341397849462,0.932795698924731,0.946236559139785,372
Ape001,Ama018,Adi001,Aga002,0.834247311827957,0.817204301075269,0.849462365591398,0.0824489247311828,0.0698924731182796,0.0967741935483871,0.0833037634408602,0.0725806451612903,0.0967741935483871,372
Age001,Adi002,Ama006,Aza135,0.899489247311828,0.884408602150538,0.913978494623656,0.0387231182795699,0.0295698924731183,0.0483870967741935,0.0617876344086021,0.0483870967741935,0.0752688172043011,372
Age001,Ama018,Adi001,Adi003,0.928650537634409,0.922043010752688,0.932795698924731,0.0464811827956989,0.043010752688172,0.0510752688172043,0.0248682795698925,0.0241935483870968,0.0295698924731183,372
Age001,Ama018,Adi001,Aru127,0.189930107526882,0.163978494623656,0.217741935483871,0.628997311827957,0.596774193548387,0.661290322580645,0.181072580645161,0.155913978494624,0.209677419354839,372
Age001,Adi001,Adi003,Aga001,0.0375833333333333,0.0349462365591398,0.043010752688172,0.0140403225806452,0.0134408602150538,0.0161290322580645,0.948376344086021,0.940860215053763,0.951612903225806,372
Age001,Ape001,Adi003,Aga001,0.204362903225806,0.18010752688172,0.228494623655914,0.591346774193548,0.564516129032258,0.618279569892473,0.204290322580645,0.18010752688172,0.228494623655914,372
Age001,Aza135,Adi003,Aga001,0.221096774193548,0.198924731182796,0.244623655913978,0.594922043010753,0.567204301075269,0.620967741935484,0.183981182795699,0.161290322580645,0.206989247311828,372
Age001,Ama018,Adi002,Aru127,0.196258064516129,0.169354838709677,0.225806451612903,0.618653225806452,0.586021505376344,0.650537634408602,0.185086021505376,0.158602150537634,0.212365591397849,372
Ape001,Ama018,Adi001,Adi002,0.978217741935484,0.975806451612903,0.978494623655914,0.0109731182795699,0.010752688172043,0.0134408602150538,0.0108091397849462,0.010752688172043,0.010752688172043,372
Age001,Adi002,Aza135,Aru127,0.614034946236559,0.580645161290323,0.645161290322581,0.217284946236559,0.190860215053763,0.247311827956989,0.168680107526882,0.14247311827957,0.196236559139785,372
Age001,Ama018,Adi001,Aza135,0.032002688172043,0.0241935483870968,0.043010752688172,0.894287634408602,0.879032258064516,0.908602150537634,0.0737096774193548,0.0618279569892473,0.0860215053763441,372
Age001,Adi001,Adi002,Aru127,0.0395241935483871,0.0349462365591398,0.0456989247311828,0.0171801075268817,0.0161290322580645,0.021505376344086,0.943295698924731,0.935483870967742,0.948924731182796,372
Age001,Aza135,Aru127,Aga001,0.256405913978495,0.228494623655914,0.287634408602151,0.395177419354839,0.362903225806452,0.42741935483871,0.34841935483871,0.317204301075269,0.379032258064516,372
Age001,Ape001,Aza135,Adi003,0.0474462365591398,0.0376344086021505,0.0591397849462366,0.0727795698924731,0.0618279569892473,0.0860215053763441,0.879771505376344,0.865591397849462,0.89247311827957,372
Ape001,Ama018,Adi001,Aga001,0.836502688172043,0.817204301075269,0.854838709677419,0.0796505376344086,0.0672043010752688,0.0940860215053763,0.0838494623655914,0.0725806451612903,0.0994623655913978,372
Age001,Aza135,Aga001,Aga002,0.880045698924731,0.870967741935484,0.889784946236559,0.06675,0.0591397849462366,0.0752688172043011,0.0532043010752688,0.0483870967741935,0.0591397849462366,372
Age001,Ama006,Aza135,Aga001,0.0765994623655914,0.0618279569892473,0.0940860215053763,0.0792150537634409,0.0645161290322581,0.0967741935483871,0.844185483870968,0.82258064516129,0.862903225806452,372
Age001,Ape001,Adi003,Aga002,0.182779569892473,0.158602150537634,0.206989247311828,0.619930107526882,0.591397849462366,0.647849462365591,0.197287634408602,0.174731182795699,0.223118279569892,372
Age001,Adi002,Adi003,Aga002,0.0307096774193548,0.0268817204301075,0.0349462365591398,0.0206424731182796,0.0188172043010753,0.0241935483870968,0.948645161290323,0.943548387096774,0.954301075268817,372
Ape001,Adi002,Aza135,Aru127,0.0990913978494624,0.0860215053763441,0.115591397849462,0.81377688172043,0.795698924731183,0.830645161290323,0.0871317204301075,0.0752688172043011,0.102150537634409,372
Ape001,Aza135,Adi003,Aga002,0.824013440860215,0.803763440860215,0.844086021505376,0.0940833333333333,0.0779569892473118,0.110215053763441,0.0819005376344086,0.0698924731182796,0.0967741935483871,372
Ama018,Adi001,Aza135,Adi003,0.00484677419354839,0.00268817204301075,0.00537634408602151,0.983846774193548,0.981182795698925,0.986559139784946,0.0113064516129032,0.010752688172043,0.0134408602150538,372
Ape001,Ama018,Aga001,Aga002,0.950948924731183,0.943548387096774,0.956989247311828,0.024505376344086,0.021505376344086,0.0295698924731183,0.0245456989247312,0.021505376344086,0.0295698924731183,372
Ape001,Ama018,Aru127,Aga001,0.795322580645161,0.774193548387097,0.814516129032258,0.0830349462365591,0.0698924731182796,0.0994623655913978,0.12164247311828,0.10752688172043,0.139784946236559,372
Ama018,Adi002,Ama006,Adi003,0.0080994623655914,0.00806451612903226,0.00806451612903226,0.983647849462365,0.981182795698925,0.983870967741935,0.00825268817204301,0.00806451612903226,0.010752688172043,372
Ape001,Adi002,Ama006,Aga002,0.0715833333333333,0.0591397849462366,0.0860215053763441,0.838954301075269,0.81989247311828,0.854838709677419,0.0894650537634409,0.0752688172043011,0.104838709677419,372
Ape001,Adi002,Aza135,Aga002,0.0835134408602151,0.0698924731182796,0.0994623655913978,0.827155913978495,0.806451612903226,0.846774193548387,0.0893306451612903,0.0752688172043011,0.104838709677419,372
Ape001,Ama006,Adi003,Aga002,0.838518817204301,0.81989247311828,0.854838709677419,0.0760483870967742,0.0645161290322581,0.0887096774193548,0.0854327956989247,0.0725806451612903,0.0994623655913978,372
Ama018,Adi001,Adi003,Aga002,0.0180510752688172,0.0161290322580645,0.021505376344086,0.0166317204301075,0.0161290322580645,0.0188172043010753,0.965314516129032,0.959677419354839,0.967741935483871,372
Ape001,Ama018,Aza135,Aru127,0.412263440860215,0.381720430107527,0.443548387096774,0.249903225806452,0.223118279569892,0.276881720430108,0.337833333333333,0.309139784946237,0.368279569892473,372
Ama018,Adi001,Ama006,Aza135,0.12772311827957,0.112903225806452,0.145161290322581,0.771416666666667,0.75,0.790322580645161,0.100860215053763,0.0860215053763441,0.118279569892473,372
Ape001,Adi001,Ama006,Aru127,0.106215053763441,0.0913978494623656,0.123655913978495,0.81666935483871,0.798387096774194,0.836021505376344,0.0771129032258065,0.0645161290322581,0.0913978494623656,372
Ape001,Ama018,Aru127,Aga002,0.797629032258065,0.776881720430108,0.817204301075269,0.0745645161290323,0.0618279569892473,0.0887096774193548,0.127809139784946,0.112903225806452,0.145161290322581,372
Ape001,Adi002,Aza135,Adi003,0.00812096774193548,0.00806451612903226,0.00806451612903226,0.976155913978495,0.973118279569892,0.978494623655914,0.0157231182795699,0.0134408602150538,0.0161290322580645,372
Ape001,Adi001,Ama006,Aga002,0.0775698924731183,0.0672043010752688,0.0913978494623656,0.838733870967742,0.81989247311828,0.854838709677419,0.0836935483870968,0.0725806451612903,0.0994623655913978,372
Ama018,Adi001,Ama006,Aru127,0.04775,0.0376344086021505,0.0564516129032258,0.922086021505376,0.911290322580645,0.932795698924731,0.0301639784946237,0.0241935483870968,0.0376344086021505,372
Ape001,Aru127,Adi003,Aga002,0.343733870967742,0.314516129032258,0.373655913978495,0.257411290322581,0.228494623655914,0.287634408602151,0.398854838709677,0.368279569892473,0.43010752688172,372
Ama018,Adi001,Ama006,Aga002,0.0327204301075269,0.0241935483870968,0.0403225806451613,0.937903225806452,0.924731182795699,0.948924731182796,0.0293763440860215,0.021505376344086,0.0403225806451613,372
Ape001,Adi001,Aru127,Aga001,0.258354838709677,0.231182795698925,0.287634408602151,0.349174731182796,0.31989247311828,0.379032258064516,0.39247311827957,0.360215053763441,0.424731182795699,372
Ape001,Ama018,Ama006,Aza135,0.158615591397849,0.139784946236559,0.18010752688172,0.141145161290323,0.123655913978495,0.161290322580645,0.700239247311828,0.674731182795699,0.725806451612903,372
Ape001,Ama018,Adi003,Aga002,0.831220430107527,0.814516129032258,0.846774193548387,0.0828682795698925,0.0698924731182796,0.0967741935483871,0.0859112903225806,0.0752688172043011,0.0994623655913978,372
Ape001,Adi001,Aza135,Adi003,0.00826881720430108,0.00806451612903226,0.010752688172043,0.980862903225806,0.978494623655914,0.981182795698925,0.0108682795698925,0.010752688172043,0.0134408602150538,372
Ama018,Adi001,Adi002,Aga002,0.0140322580645161,0.010752688172043,0.0188172043010753,0.013991935483871,0.0134408602150538,0.0161290322580645,0.971975806451613,0.967741935483871,0.975806451612903,372
Ape001,Adi002,Ama006,Aza135,0.345612903225807,0.317204301075269,0.376344086021505,0.423225806451613,0.39247311827957,0.454301075268817,0.231161290322581,0.204301075268817,0.260752688172043,372
Ape001,Adi001,Aru127,Aga002,0.259935483870968,0.231182795698925,0.290322580645161,0.339782258064516,0.309139784946237,0.370967741935484,0.400282258064516,0.368279569892473,0.432795698924731,372
Ape001,Aza135,Aru127,Aga002,0.780349462365591,0.758064516129032,0.801075268817204,0.0897204301075269,0.0752688172043011,0.10752688172043,0.129930107526882,0.112903225806452,0.147849462365591,372
Ape001,Aru127,Aga001,Aga002,0.925341397849462,0.913978494623656,0.935483870967742,0.0288145161290323,0.021505376344086,0.0376344086021505,0.0458467741935484,0.0403225806451613,0.0537634408602151,372
Ape001,Ama018,Ama006,Adi003,0.123244623655914,0.104838709677419,0.14247311827957,0.119005376344086,0.102150537634409,0.137096774193548,0.75775,0.733870967741935,0.779569892473118,372
Ama018,Adi001,Adi002,Aza135,0.0101532258064516,0.00806451612903226,0.010752688172043,0.0108817204301075,0.010752688172043,0.0134408602150538,0.978965053763441,0.975806451612903,0.981182795698925,372
Ape001,Adi003,Aga001,Aga002,0.921655913978495,0.911290322580645,0.932795698924731,0.0246559139784946,0.0188172043010753,0.032258064516129,0.0536881720430108,0.0456989247311828,0.0618279569892473,372
Ape001,Adi001,Aza135,Aga001,0.0878736559139785,0.0725806451612903,0.104838709677419,0.836333333333333,0.814516129032258,0.854838709677419,0.0757903225806452,0.0618279569892473,0.0913978494623656,372
Ama018,Adi001,Aza135,Aga002,0.091758064516129,0.0752688172043011,0.110215053763441,0.822204301075269,0.801075268817204,0.841397849462366,0.0860349462365591,0.0725806451612903,0.102150537634409,372
Ape001,Adi001,Ama006,Aza135,0.349798387096774,0.31989247311828,0.381720430107527,0.419690860215054,0.389784946236559,0.451612903225806,0.230510752688172,0.204301075268817,0.258064516129032,372
Ape001,Ama018,Aza135,Aga002,0.420852150537634,0.39247311827957,0.451612903225806,0.237137096774194,0.212365591397849,0.263440860215054,0.342013440860215,0.314516129032258,0.370967741935484,372
Ape001,Adi001,Aza135,Aru127,0.103395161290323,0.0887096774193548,0.118279569892473,0.811637096774193,0.793010752688172,0.830645161290323,0.0849677419354839,0.0725806451612903,0.0994623655913978,372
Ape001,Ama018,Adi002,Aru127,0.816465053763441,0.795698924731183,0.836021505376344,0.105887096774194,0.0913978494623656,0.120967741935484,0.0776478494623656,0.0645161290322581,0.0940860215053763,372
Ape001,Aza135,Adi003,Aga001,0.82469623655914,0.803763440860215,0.844086021505376,0.0994516129032258,0.0833333333333333,0.118279569892473,0.0758494623655914,0.0618279569892473,0.0913978494623656,372
Ape001,Adi001,Adi003,Aga001,0.0171639784946237,0.0161290322580645,0.021505376344086,0.0247956989247312,0.021505376344086,0.0295698924731183,0.958040322580645,0.951612903225806,0.962365591397849,372
Ama018,Adi001,Aru127,Adi003,4.56989247311828e-05,0,0,0.991134408602151,0.986559139784946,0.991935483870968,0.00881989247311828,0.00806451612903226,0.0134408602150538,372
Ama018,Adi001,Adi003,Aga001,0.0169811827956989,0.0161290322580645,0.021505376344086,0.0222069892473118,0.0188172043010753,0.0268817204301075,0.960811827956989,0.954301075268817,0.96505376344086,372
Ape001,Adi001,Adi002,Aga002,0.0114166666666667,0.00806451612903226,0.0161290322580645,0.0163790322580645,0.0161290322580645,0.0188172043010753,0.972204301075269,0.967741935483871,0.975806451612903,372
Ama018,Adi001,Adi002,Ama006,0.00814247311827957,0.00537634408602151,0.010752688172043,0.00271236559139785,0.00268817204301075,0.00268817204301075,0.989145161290323,0.986559139784946,0.991935483870968,372
Ape001,Adi002,Ama006,Aru127,0.10377688172043,0.0913978494623656,0.118279569892473,0.818873655913978,0.801075268817204,0.836021505376344,0.0773494623655914,0.0645161290322581,0.0913978494623656,372
Ape001,Adi002,Ama006,Aga001,0.0746908602150538,0.0618279569892473,0.0887096774193548,0.840771505376344,0.82258064516129,0.85752688172043,0.0845376344086022,0.0698924731182796,0.0994623655913978,372
Ama018,Adi001,Aga001,Aga002,0.917034946236559,0.905913978494624,0.92741935483871,0.0324220430107527,0.0268817204301075,0.0403225806451613,0.0505430107526882,0.043010752688172,0.0591397849462366,372
Ape001,Adi001,Adi002,Aru127,0.0141774193548387,0.010752688172043,0.0188172043010753,0.00955913978494624,0.00806451612903226,0.0134408602150538,0.976260752688172,0.970430107526882,0.981182795698925,372
Ape001,Adi002,Ama006,Adi003,0.0145134408602151,0.0134408602150538,0.0161290322580645,0.974405913978495,0.970430107526882,0.975806451612903,0.0110806451612903,0.010752688172043,0.0134408602150538,372
Ape001,Adi002,Aru127,Aga001,0.255481182795699,0.225806451612903,0.28494623655914,0.342715053763441,0.311827956989247,0.373655913978495,0.401806451612903,0.370967741935484,0.435483870967742,372
Ape001,Ama018,Adi001,Aza135,0.419174731182796,0.389784946236559,0.448924731182796,0.339333333333333,0.311827956989247,0.368279569892473,0.241491935483871,0.217741935483871,0.268817204301075,372
Ape001,Adi001,Aga001,Aga002,0.920174731182796,0.908602150537634,0.93010752688172,0.0270752688172043,0.021505376344086,0.0349462365591398,0.052752688172043,0.0456989247311828,0.0618279569892473,372
Ape001,Adi001,Adi002,Ama006,0.0112150537634409,0.00806451612903226,0.0134408602150538,0.00593548387096774,0.00537634408602151,0.00806451612903226,0.982849462365591,0.978494623655914,0.986559139784946,372
Ape001,Ama018,Ama006,Aga001,0.118438172043011,0.0994623655913978,0.137096774193548,0.122733870967742,0.104838709677419,0.14247311827957,0.758827956989247,0.733870967741935,0.782258064516129,372
Ama018,Adi001,Ama006,Aga001,0.0318682795698925,0.0241935483870968,0.0403225806451613,0.935653225806452,0.922043010752688,0.946236559139785,0.0324784946236559,0.0241935483870968,0.043010752688172,372
Ape001,Ama006,Aza135,Aga001,0.427873655913979,0.395161290322581,0.459677419354839,0.224747311827957,0.198924731182796,0.252688172043011,0.347376344086021,0.317204301075269,0.379032258064516,372
Ape001,Adi001,Adi002,Aza135,0.0103387096774194,0.00806451612903226,0.0134408602150538,0.00545698924731183,0.00537634408602151,0.00806451612903226,0.984206989247312,0.981182795698925,0.986559139784946,372
Ape001,Ama006,Aru127,Adi003,0.817465053763441,0.798387096774194,0.836021505376344,0.0781720430107527,0.0645161290322581,0.0940860215053763,0.104362903225806,0.0913978494623656,0.120967741935484,372
Ape001,Aru127,Adi003,Aga001,0.346271505376344,0.317204301075269,0.376344086021505,0.261422043010753,0.233870967741935,0.290322580645161,0.392306451612903,0.360215053763441,0.424731182795699,372
Ama018,Adi001,Adi002,Adi003,0.431895161290323,0.400537634408602,0.46505376344086,0.271427419354839,0.244623655913978,0.301075268817204,0.296677419354839,0.266129032258065,0.327956989247312,372
Ape001,Ama018,Adi002,Adi003,0.970354838709677,0.967741935483871,0.970430107526882,0.0161989247311828,0.0161290322580645,0.0188172043010753,0.0134462365591398,0.0134408602150538,0.0134408602150538,372
Ape001,Ama006,Aga001,Aga002,0.948602150537634,0.940860215053763,0.954301075268817,0.0238252688172043,0.021505376344086,0.0295698924731183,0.0275698924731183,0.0241935483870968,0.032258064516129,372
Ape001,Aza135,Aga001,Aga002,0.94883064516129,0.940860215053763,0.956989247311828,0.0195322580645161,0.0161290322580645,0.0268817204301075,0.0316370967741935,0.0268817204301075,0.0376344086021505,372
Ape001,Adi002,Aga001,Aga002,0.919680107526882,0.908602150537634,0.93010752688172,0.0246263440860215,0.0188172043010753,0.032258064516129,0.0556935483870968,0.0456989247311828,0.0672043010752688,372
Ape001,Ama018,Adi002,Aza135,0.415887096774194,0.387096774193548,0.446236559139785,0.338997311827957,0.311827956989247,0.368279569892473,0.245115591397849,0.220430107526882,0.271505376344086,372
Ape001,Adi002,Aru127,Adi003,0.0124139784946237,0.010752688172043,0.0161290322580645,0.97085752688172,0.96505376344086,0.975806451612903,0.0167284946236559,0.0134408602150538,0.021505376344086,372
Ape001,Ama006,Aza135,Aga002,0.421986559139785,0.389784946236559,0.454301075268817,0.228822580645161,0.201612903225806,0.258064516129032,0.349190860215054,0.31989247311828,0.381720430107527,372
Ape001,Aza135,Aru127,Adi003,0.806736559139785,0.787634408602151,0.825268817204301,0.0853037634408602,0.0725806451612903,0.0994623655913978,0.107959677419355,0.0940860215053763,0.123655913978495,372
Ape001,Adi001,Ama006,Adi003,0.0138333333333333,0.0134408602150538,0.0161290322580645,0.977983870967742,0.975806451612903,0.978494623655914,0.00818279569892473,0.00806451612903226,0.010752688172043,372
Ape001,Adi002,Aru127,Aga002,0.254408602150538,0.225806451612903,0.28494623655914,0.332064516129032,0.301075268817204,0.362903225806452,0.41352688172043,0.381720430107527,0.446236559139785,372
Ape001,Adi001,Aza135,Aga002,0.0877876344086021,0.0725806451612903,0.104838709677419,0.823978494623656,0.803763440860215,0.844086021505376,0.0882338709677419,0.0752688172043011,0.102150537634409,372
Ape001,Aza135,Aru127,Aga001,0.784763440860215,0.763440860215054,0.806451612903226,0.101940860215054,0.0860215053763441,0.120967741935484,0.113295698924731,0.0967741935483871,0.131720430107527,372
Ape001,Ama018,Adi002,Aga002,0.833034946236559,0.814516129032258,0.849462365591398,0.0808064516129032,0.0672043010752688,0.0940860215053763,0.0861586021505376,0.0752688172043011,0.0994623655913978,372
Ama018,Adi001,Adi002,Aru127,0.00803494623655914,0.00537634408602151,0.0134408602150538,0.00569354838709677,0.00537634408602151,0.00806451612903226,0.986271505376344,0.981182795698925,0.989247311827957,372
Ape001,Ama006,Adi003,Aga001,0.837763440860215,0.81989247311828,0.854838709677419,0.0771424731182796,0.0645161290322581,0.0913978494623656,0.0850940860215054,0.0725806451612903,0.102150537634409,372
Ama018,Adi001,Ama006,Adi003,0.00816935483870968,0.00806451612903226,0.010752688172043,0.986379032258064,0.983870967741935,0.986559139784946,0.00545161290322581,0.00537634408602151,0.00806451612903226,372
Ape001,Ama006,Aza135,Aru127,0.414986559139785,0.381720430107527,0.448924731182796,0.240411290322581,0.212365591397849,0.271505376344086,0.344602150537634,0.314516129032258,0.376344086021505,372
Ape001,Ama006,Aru127,Aga002,0.81333064516129,0.793010752688172,0.833333333333333,0.0655564516129032,0.0537634408602151,0.0806451612903226,0.121112903225806,0.104838709677419,0.139784946236559,372
Ape001,Adi001,Aru127,Adi003,0.0111774193548387,0.010752688172043,0.0134408602150538,0.975069892473118,0.970430107526882,0.975806451612903,0.013752688172043,0.0134408602150538,0.0161290322580645,372
Ama018,Adi001,Aza135,Aga001,0.100545698924731,0.0833333333333333,0.118279569892473,0.815784946236559,0.795698924731183,0.836021505376344,0.0836666666666667,0.0698924731182796,0.0994623655913978,372
Ape001,Adi002,Aza135,Aga001,0.0871935483870968,0.0725806451612903,0.104838709677419,0.830263440860215,0.809139784946237,0.849462365591398,0.0825430107526882,0.0698924731182796,0.0967741935483871,372
Ape001,Ama018,Ama006,Aga002,0.127629032258065,0.110215053763441,0.147849462365591,0.120631720430108,0.104838709677419,0.139784946236559,0.751739247311828,0.725806451612903,0.774193548387097,372
Ama018,Adi002,Ama006,Aga001,0.0301720430107527,0.0241935483870968,0.0376344086021505,0.928981182795699,0.916666666666667,0.940860215053763,0.0408467741935484,0.032258064516129,0.0510752688172043,372
Ama018,Adi001,Aza135,Aru127,0.0925994623655914,0.0779569892473118,0.10752688172043,0.81286559139785,0.793010752688172,0.830645161290323,0.0945322580645161,0.0806451612903226,0.110215053763441,372
Ape001,Adi001,Adi002,Aga001,0.0139005376344086,0.010752688172043,0.0188172043010753,0.0199301075268817,0.0161290322580645,0.0241935483870968,0.96616935483871,0.959677419354839,0.970430107526882,372
Ama018,Adi002,Aza135,Adi003,0.00776612903225806,0.00537634408602151,0.00806451612903226,0.978717741935484,0.975806451612903,0.981182795698925,0.0135161290322581,0.010752688172043,0.0161290322580645,372
Ape001,Ama018,Adi002,Ama006,0.121274193548387,0.104838709677419,0.139784946236559,0.758771505376344,0.733870967741935,0.782258064516129,0.119951612903226,0.102150537634409,0.139784946236559,372
Ape001,Ama018,Ama006,Aru127,0.123177419354839,0.104838709677419,0.14247311827957,0.118134408602151,0.102150537634409,0.137096774193548,0.758688172043011,0.733870967741935,0.782258064516129,372
Ape001,Ama018,Aza135,Adi003,0.412465053763441,0.384408602150538,0.440860215053763,0.237801075268817,0.212365591397849,0.263440860215054,0.349733870967742,0.32258064516129,0.379032258064516,372
Ape001,Ama018,Aza135,Aga001,0.427252688172043,0.397849462365591,0.456989247311828,0.233061827956989,0.209677419354839,0.260752688172043,0.339685483870968,0.311827956989247,0.368279569892473,372
Ape001,Ama018,Adi003,Aga001,0.826155913978495,0.806451612903226,0.844086021505376,0.0855376344086022,0.0725806451612903,0.0994623655913978,0.0883064516129032,0.0752688172043011,0.102150537634409,372
Ape001,Adi001,Adi003,Aga002,0.00963172043010753,0.00806451612903226,0.0134408602150538,0.0153736559139785,0.0134408602150538,0.0188172043010753,0.974991935483871,0.970430107526882,0.978494623655914,372
Ape001,Ama006,Aza135,Adi003,0.417274193548387,0.387096774193548,0.448924731182796,0.226615591397849,0.198924731182796,0.255376344086022,0.356110215053764,0.325268817204301,0.387096774193548,372
Ape001,Ama006,Aru127,Aga001,0.810405913978495,0.790322580645161,0.830645161290323,0.0750887096774194,0.0618279569892473,0.0913978494623656,0.114505376344086,0.0994623655913978,0.131720430107527,372
Ape001,Adi002,Adi003,Aga002,0.0147177419354839,0.0134408602150538,0.0188172043010753,0.0152741935483871,0.010752688172043,0.0188172043010753,0.970008064516129,0.96505376344086,0.973118279569892,372
Ama018,Adi001,Adi002,Aga001,0.0109032258064516,0.00806451612903226,0.0161290322580645,0.0142822580645161,0.010752688172043,0.0188172043010753,0.974814516129032,0.970430107526882,0.981182795698925,372
Ape001,Adi001,Adi002,Adi003,0.437559139784946,0.405913978494624,0.470430107526882,0.275255376344086,0.247311827956989,0.303763440860215,0.287185483870968,0.258064516129032,0.317204301075269,372
Ape001,Adi001,Ama006,Aga001,0.0770215053763441,0.0645161290322581,0.0913978494623656,0.843873655913978,0.825268817204301,0.860215053763441,0.0791048387096774,0.0672043010752688,0.0940860215053763,372
Ama018,Adi002,Ama006,Aru127,0.0420403225806452,0.0349462365591398,0.0510752688172043,0.919905913978495,0.908602150537634,0.93010752688172,0.0380564516129032,0.0295698924731183,0.0456989247311828,372
Ape001,Adi002,Adi003,Aga001,0.0191370967741935,0.0188172043010753,0.021505376344086,0.0181021505376344,0.0134408602150538,0.021505376344086,0.962760752688172,0.956989247311828,0.967741935483871,372
Ape001,Ama018,Adi002,Aga001,0.831341397849462,0.811827956989247,0.849462365591398,0.0821881720430108,0.0698924731182796,0.0967741935483871,0.0864677419354839,0.0725806451612903,0.102150537634409,372
Ape001,Ama018,Aru127,Adi003,0.811424731182796,0.790322580645161,0.830645161290323,0.0852849462365591,0.0725806451612903,0.102150537634409,0.103293010752688,0.0887096774193548,0.118279569892473,372
Ama018,Adi002,Aga001,Aga002,0.919583333333333,0.908602150537634,0.93010752688172,0.0315967741935484,0.0268817204301075,0.0376344086021505,0.0488198924731183,0.0403225806451613,0.0591397849462366,372
Adi001,Adi002,Aza135,Aru127,0.984379032258065,0.978494623655914,0.986559139784946,0.00893548387096774,0.00806451612903226,0.0134408602150538,0.00668548387096774,0.00537634408602151,0.010752688172043,372
Adi001,Aza135,Adi003,Aga002,0.0194865591397849,0.0161290322580645,0.0241935483870968,0.969376344086021,0.962365591397849,0.973118279569892,0.0111370967741935,0.010752688172043,0.0134408602150538,372
Ama018,Ama006,Aza135,Adi003,0.767677419354839,0.747311827956989,0.787634408602151,0.104422043010753,0.0887096774193548,0.120967741935484,0.127900537634409,0.112903225806452,0.145161290322581,372
Adi002,Ama006,Adi003,Aga002,0.021002688172043,0.0188172043010753,0.0241935483870968,0.962663978494624,0.956989247311828,0.96505376344086,0.0163333333333333,0.0134408602150538,0.0188172043010753,372
Aza135,Adi003,Aga001,Aga002,0.90644623655914,0.895161290322581,0.916666666666667,0.0362123655913979,0.0295698924731183,0.043010752688172,0.0573413978494624,0.0510752688172043,0.0672043010752688,372
Adi002,Adi003,Aga001,Aga002,0.979384408602151,0.975806451612903,0.981182795698925,0.00964784946236559,0.00806451612903226,0.0134408602150538,0.0109677419354839,0.010752688172043,0.0134408602150538,372
Ama006,Aru127,Adi003,Aga001,0.373387096774194,0.341397849462366,0.405913978494624,0.255876344086022,0.225806451612903,0.287634408602151,0.370739247311828,0.338709677419355,0.403225806451613,372
Ama018,Adi002,Aza135,Aru127,0.0873198924731183,0.0752688172043011,0.102150537634409,0.813185483870968,0.793010752688172,0.830645161290323,0.099494623655914,0.0860215053763441,0.115591397849462,372
Ama018,Adi001,Aru127,Aga001,0.240255376344086,0.212365591397849,0.268817204301075,0.374510752688172,0.344086021505376,0.405913978494624,0.385236559139785,0.354838709677419,0.416666666666667,372
Adi002,Aru127,Aga001,Aga002,0.919317204301075,0.908602150537634,0.93010752688172,0.0450940860215054,0.0376344086021505,0.0537634408602151,0.0355887096774194,0.0295698924731183,0.043010752688172,372
Ama006,Aza135,Aru127,Adi003,0.836295698924731,0.817204301075269,0.854838709677419,0.0892338709677419,0.0752688172043011,0.104838709677419,0.0744704301075269,0.0618279569892473,0.0887096774193548,372
Adi002,Aru127,Adi003,Aga002,0.0184381720430108,0.0161290322580645,0.0241935483870968,0.973204301075269,0.967741935483871,0.975806451612903,0.00835752688172043,0.00806451612903226,0.010752688172043,372
Adi001,Ama006,Aru127,Aga002,0.251013440860215,0.223118279569892,0.282258064516129,0.373911290322581,0.344086021505376,0.405913978494624,0.375075268817204,0.344086021505376,0.405913978494624,372
Ama018,Adi002,Ama006,Aga002,0.0309731182795699,0.0241935483870968,0.0376344086021505,0.931,0.919354838709677,0.940860215053763,0.0380268817204301,0.0295698924731183,0.0483870967741935,372
Adi002,Ama006,Aza135,Adi003,0.0079758064516129,0.00537634408602151,0.010752688172043,0.0134865591397849,0.010752688172043,0.0161290322580645,0.978537634408602,0.975806451612903,0.981182795698925,372
Ama018,Ama006,Aru127,Aga002,0.909846774193548,0.897849462365591,0.922043010752688,0.0468575268817204,0.0403225806451613,0.0564516129032258,0.0432956989247312,0.0349462365591398,0.0537634408602151,372
Ama018,Adi002,Aru127,Aga001,0.235325268817204,0.206989247311828,0.266129032258065,0.37758064516129,0.346774193548387,0.408602150537634,0.387094086021505,0.354838709677419,0.419354838709677,372
Adi001,Adi002,Aru127,Aga002,0.976758064516129,0.973118279569892,0.978494623655914,0.00849193548387097,0.00806451612903226,0.010752688172043,0.01475,0.0134408602150538,0.0188172043010753,372
Ama018,Adi002,Aza135,Aga002,0.0944435483870968,0.0779569892473118,0.112903225806452,0.822645161290323,0.801075268817204,0.841397849462366,0.0829112903225806,0.0698924731182796,0.0967741935483871,372
Adi001,Ama006,Aza135,Aru127,0.0730645161290323,0.0618279569892473,0.0860215053763441,0.0918655913978495,0.0779569892473118,0.10752688172043,0.835072580645161,0.817204301075269,0.852150537634409,372
Adi001,Ama006,Adi003,Aga002,0.0125564516129032,0.010752688172043,0.0161290322580645,0.970591397849462,0.96505376344086,0.973118279569892,0.0168521505376344,0.0161290322580645,0.021505376344086,372
Adi002,Aza135,Adi003,Aga002,0.0213010752688172,0.0188172043010753,0.0268817204301075,0.970470430107527,0.96505376344086,0.973118279569892,0.00822849462365591,0.00806451612903226,0.010752688172043,372
Adi002,Aru127,Adi003,Aga001,0.0202634408602151,0.0188172043010753,0.0241935483870968,0.969844086021505,0.96505376344086,0.973118279569892,0.00989247311827957,0.00806451612903226,0.0134408602150538,372
Adi001,Ama006,Aza135,Adi003,0.00485483870967742,0.00268817204301075,0.00537634408602151,0.0113037634408602,0.010752688172043,0.0134408602150538,0.983841397849462,0.981182795698925,0.986559139784946,372
Adi002,Aza135,Aru127,Adi003,0.00995430107526882,0.00806451612903226,0.0134408602150538,0.011255376344086,0.00806451612903226,0.0134408602150538,0.978790322580645,0.973118279569892,0.983870967741935,372
Ama018,Adi002,Ama006,Aza135,0.127709677419355,0.112903225806452,0.145161290322581,0.767951612903226,0.747311827956989,0.787634408602151,0.104338709677419,0.0887096774193548,0.120967741935484,372
Ama006,Aza135,Aru127,Aga002,0.812997311827957,0.790322580645161,0.833333333333333,0.105889784946237,0.0887096774193548,0.123655913978495,0.0811102150537634,0.0672043010752688,0.0967741935483871,372
Adi001,Adi002,Aza135,Aga001,0.968201612903226,0.962365591397849,0.973118279569892,0.0116155913978495,0.010752688172043,0.0161290322580645,0.0201801075268817,0.0161290322580645,0.0241935483870968,372
Adi001,Aza135,Aru127,Adi003,0.00595967741935484,0.00537634408602151,0.00806451612903226,0.00808064516129032,0.00537634408602151,0.010752688172043,0.985959677419355,0.981182795698925,0.989247311827957,372
Ama006,Aza135,Aga001,Aga002,0.965225806451613,0.959677419354839,0.970430107526882,0.015005376344086,0.0134408602150538,0.0188172043010753,0.0197688172043011,0.0161290322580645,0.0241935483870968,372
Ama018,Ama006,Aza135,Aga002,0.771029569892473,0.75,0.790322580645161,0.109051075268817,0.0940860215053763,0.126344086021505,0.11991935483871,0.104838709677419,0.137096774193548,372
Ama018,Adi002,Aru127,Adi003,0.0028010752688172,0.00268817204301075,0.00537634408602151,0.985836021505376,0.981182795698925,0.989247311827957,0.0113629032258065,0.00806451612903226,0.0161290322580645,372
Adi001,Aru127,Aga001,Aga002,0.917948924731183,0.908602150537634,0.92741935483871,0.0432096774193548,0.0349462365591398,0.0510752688172043,0.0388413978494624,0.032258064516129,0.0456989247311828,372
Ama018,Ama006,Aru127,Adi003,0.913569892473118,0.900537634408602,0.924731182795699,0.0361989247311828,0.0295698924731183,0.0456989247311828,0.0502338709677419,0.0403225806451613,0.0591397849462366,372
Adi002,Ama006,Aru127,Aga001,0.253024193548387,0.223118279569892,0.282258064516129,0.380413978494624,0.349462365591398,0.413978494623656,0.366561827956989,0.336021505376344,0.397849462365591,372
Ama018,Aza135,Adi003,Aga001,0.822661290322581,0.801075268817204,0.841397849462366,0.103354838709677,0.0860215053763441,0.123655913978495,0.0739811827956989,0.0618279569892473,0.0887096774193548,372
Adi002,Ama006,Aga001,Aga002,0.919088709677419,0.908602150537634,0.92741935483871,0.0461102150537634,0.0403225806451613,0.0537634408602151,0.0348010752688172,0.0295698924731183,0.043010752688172,372
Ama006,Aru127,Adi003,Aga002,0.373059139784946,0.341397849462366,0.405913978494624,0.254854838709677,0.225806451612903,0.28494623655914,0.372086021505376,0.341397849462366,0.403225806451613,372
Adi002,Ama006,Aru127,Aga002,0.257104838709677,0.228494623655914,0.287634408602151,0.379865591397849,0.349462365591398,0.411290322580645,0.363029569892473,0.333333333333333,0.395161290322581,372
Ama018,Adi001,Aru127,Aga002,0.240532258064516,0.212365591397849,0.268817204301075,0.372370967741935,0.341397849462366,0.403225806451613,0.387096774193548,0.354838709677419,0.419354838709677,372
Adi001,Adi002,Ama006,Aru127,0.982688172043011,0.978494623655914,0.986559139784946,0.0076505376344086,0.00537634408602151,0.010752688172043,0.00965860215053763,0.00537634408602151,0.0134408602150538,372
Ama018,Adi003,Aga001,Aga002,0.9205,0.911290322580645,0.93010752688172,0.0286962365591398,0.0241935483870968,0.0349462365591398,0.0508037634408602,0.0456989247311828,0.0591397849462366,372
Adi001,Adi002,Aru127,Adi003,0.29172311827957,0.263440860215054,0.32258064516129,0.430279569892473,0.397849462365591,0.462365591397849,0.277994623655914,0.25,0.306451612903226,372
Adi002,Aza135,Aga001,Aga002,0.90988440860215,0.897849462365591,0.919354838709677,0.0554838709677419,0.0456989247311828,0.0645161290322581,0.0346317204301075,0.0295698924731183,0.043010752688172,372
Adi002,Aza135,Aru127,Aga001,0.250596774193548,0.223118279569892,0.282258064516129,0.395913978494624,0.362903225806452,0.42741935483871,0.353489247311828,0.32258064516129,0.384408602150538,372
Ama018,Adi002,Adi003,Aga001,0.0190994623655914,0.0188172043010753,0.021505376344086,0.0210564516129032,0.0161290322580645,0.0241935483870968,0.959844086021505,0.954301075268817,0.96505376344086,372
Adi001,Ama006,Aru127,Adi003,4.3010752688172e-05,0,0,0.00861290322580645,0.00806451612903226,0.010752688172043,0.991346774193548,0.989247311827957,0.991935483870968,372
Ama006,Aza135,Aru127,Aga001,0.811594086021505,0.790322580645161,0.830645161290323,0.112811827956989,0.0967741935483871,0.131720430107527,0.0755940860215054,0.0618279569892473,0.0913978494623656,372
Adi001,Ama006,Aru127,Aga001,0.246163978494624,0.217741935483871,0.276881720430108,0.376620967741935,0.344086021505376,0.408602150537634,0.377215053763441,0.346774193548387,0.408602150537634,372
Adi002,Ama006,Adi003,Aga001,0.0196424731182796,0.0188172043010753,0.0241935483870968,0.962814516129032,0.956989247311828,0.967741935483871,0.0175430107526882,0.0134408602150538,0.021505376344086,372
Ama018,Aru127,Adi003,Aga001,0.377225806451613,0.346774193548387,0.408602150537634,0.245376344086022,0.217741935483871,0.274193548387097,0.377400537634409,0.346774193548387,0.408602150537634,372
Adi002,Aza135,Adi003,Aga001,0.0246747311827957,0.0241935483870968,0.0268817204301075,0.962639784946236,0.959677419354839,0.96505376344086,0.0126854838709677,0.010752688172043,0.0161290322580645,372
Ama018,Ama006,Aga001,Aga002,0.986002688172043,0.983870967741935,0.986559139784946,0.00843548387096774,0.00806451612903226,0.010752688172043,0.00556182795698925,0.00537634408602151,0.00806451612903226,372
Adi001,Adi002,Aza135,Adi003,0.285954301075269,0.258064516129032,0.317204301075269,0.43760752688172,0.405913978494624,0.470430107526882,0.276438172043011,0.247311827956989,0.306451612903226,372
Ama018,Aza135,Adi003,Aga002,0.830688172043011,0.809139784946237,0.849462365591398,0.0954623655913979,0.0779569892473118,0.112903225806452,0.0738467741935484,0.0618279569892473,0.0887096774193548,372
Adi002,Aza135,Aru127,Aga002,0.244333333333333,0.21505376344086,0.274193548387097,0.407231182795699,0.376344086021505,0.440860215053763,0.348435483870968,0.317204301075269,0.379032258064516,372
Ama006,Aru127,Aga001,Aga002,0.928677419354839,0.919354838709677,0.935483870967742,0.0360268817204301,0.0295698924731183,0.043010752688172,0.0352956989247312,0.032258064516129,0.043010752688172,372
Adi002,Ama006,Aza135,Aga001,0.082247311827957,0.0672043010752688,0.0994623655913978,0.0634381720430107,0.0510752688172043,0.0779569892473118,0.854314516129032,0.833333333333333,0.873655913978495,372
Ama018,Aru127,Adi003,Aga002,0.37711559139785,0.346774193548387,0.408602150537634,0.243486559139785,0.21505376344086,0.274193548387097,0.379397849462366,0.349462365591398,0.411290322580645,372
Ama006,Adi003,Aga001,Aga002,0.924612903225806,0.913978494623656,0.932795698924731,0.0288252688172043,0.0241935483870968,0.0349462365591398,0.0465618279569893,0.0403225806451613,0.0537634408602151,372
Ama018,Adi002,Aza135,Aga001,0.0999650537634409,0.0833333333333333,0.118279569892473,0.816637096774193,0.795698924731183,0.836021505376344,0.0834005376344086,0.0698924731182796,0.0994623655913978,372
Ama006,Aza135,Adi003,Aga002,0.862959677419355,0.844086021505376,0.881720430107527,0.0785322580645161,0.0618279569892473,0.0967741935483871,0.058508064516129,0.0456989247311828,0.0725806451612903,372
Ama018,Aza135,Aru127,Adi003,0.813779569892473,0.793010752688172,0.833333333333333,0.0920188172043011,0.0779569892473118,0.10752688172043,0.0942016129032258,0.0806451612903226,0.110215053763441,372
Adi001,Aza135,Aga001,Aga002,0.909604838709677,0.897849462365591,0.919354838709677,0.0547177419354839,0.0456989247311828,0.0645161290322581,0.0356747311827957,0.0295698924731183,0.043010752688172,372
Adi001,Adi002,Ama006,Adi003,0.290704301075269,0.260752688172043,0.32258064516129,0.429838709677419,0.397849462365591,0.462365591397849,0.279456989247312,0.252688172043011,0.309139784946237,372
Ama018,Ama006,Adi003,Aga002,0.932913978494624,0.922043010752688,0.943548387096774,0.0332903225806452,0.0268817204301075,0.043010752688172,0.0337956989247312,0.0268817204301075,0.043010752688172,372
Aru127,Adi003,Aga001,Aga002,0.917876344086021,0.908602150537634,0.92741935483871,0.0328360215053763,0.0268817204301075,0.0403225806451613,0.0492849462365591,0.043010752688172,0.0564516129032258,372
Ama018,Adi002,Aru127,Aga002,0.235059139784946,0.206989247311828,0.263440860215054,0.374163978494624,0.344086021505376,0.405913978494624,0.39077688172043,0.360215053763441,0.422043010752688,372
Aza135,Aru127,Aga001,Aga002,0.928483870967742,0.919354838709677,0.935483870967742,0.0350994623655914,0.0295698924731183,0.043010752688172,0.0364193548387097,0.032258064516129,0.043010752688172,372
Ama018,Aru127,Aga001,Aga002,0.936610215053763,0.92741935483871,0.943548387096774,0.0300618279569892,0.0241935483870968,0.0376344086021505,0.0333279569892473,0.0295698924731183,0.0403225806451613,372
Adi001,Ama006,Aza135,Aga002,0.0721048387096774,0.0564516129032258,0.0887096774193548,0.0664166666666667,0.0537634408602151,0.0806451612903226,0.861475806451613,0.841397849462366,0.879032258064516,372
Adi001,Adi002,Aza135,Aga002,0.971594086021505,0.967741935483871,0.973118279569892,0.0115833333333333,0.010752688172043,0.0161290322580645,0.0168225806451613,0.0161290322580645,0.021505376344086,372
Ama018,Aza135,Aru127,Aga002,0.786545698924731,0.763440860215054,0.809139784946237,0.118680107526882,0.102150537634409,0.137096774193548,0.0947768817204301,0.0779569892473118,0.112903225806452,372
Adi001,Aru127,Adi003,Aga002,0.0181102150537634,0.0161290322580645,0.021505376344086,0.970650537634409,0.96505376344086,0.973118279569892,0.011239247311828,0.010752688172043,0.0134408602150538,372
Adi002,Ama006,Aza135,Aru127,0.0733440860215054,0.0618279569892473,0.0887096774193548,0.090741935483871,0.0779569892473118,0.104838709677419,0.835913978494624,0.817204301075269,0.852150537634409,372
Adi001,Adi002,Aga001,Aga002,0.979051075268817,0.975806451612903,0.981182795698925,0.00987903225806452,0.00806451612903226,0.0134408602150538,0.0110698924731183,0.010752688172043,0.0134408602150538,372
Ama018,Ama006,Aza135,Aga001,0.771368279569893,0.75,0.790322580645161,0.103833333333333,0.0887096774193548,0.120967741935484,0.124801075268817,0.110215053763441,0.139784946236559,372
Ama018,Ama006,Aru127,Aga001,0.911986559139785,0.900537634408602,0.922043010752688,0.0408978494623656,0.0349462365591398,0.0483870967741935,0.0471155913978495,0.0376344086021505,0.0564516129032258,372
Ama018,Aza135,Aru127,Aga001,0.790037634408602,0.766129032258065,0.811827956989247,0.121938172043011,0.104838709677419,0.14247311827957,0.0880241935483871,0.0725806451612903,0.104838709677419,372
Ama018,Ama006,Aza135,Aru127,0.76669623655914,0.744623655913978,0.787634408602151,0.111978494623656,0.0967741935483871,0.129032258064516,0.121325268817204,0.10752688172043,0.137096774193548,372
Ama018,Aza135,Aga001,Aga002,0.969180107526882,0.962365591397849,0.975806451612903,0.0120698924731183,0.010752688172043,0.0161290322580645,0.018747311827957,0.0134408602150538,0.0241935483870968,372
Ama018,Adi002,Adi003,Aga002,0.0175752688172043,0.0161290322580645,0.021505376344086,0.0190779569892473,0.0161290322580645,0.021505376344086,0.963346774193548,0.959677419354839,0.96505376344086,372
Adi002,Ama006,Aza135,Aga002,0.081244623655914,0.0645161290322581,0.0994623655913978,0.061986559139785,0.0510752688172043,0.0752688172043011,0.856768817204301,0.836021505376344,0.876344086021505,372
Adi001,Adi002,Ama006,Aga002,0.965913978494624,0.959677419354839,0.970430107526882,0.0111505376344086,0.00806451612903226,0.0134408602150538,0.0229327956989247,0.021505376344086,0.0268817204301075,372
Adi001,Ama006,Adi003,Aga001,0.00874462365591398,0.00806451612903226,0.0134408602150538,0.969389784946237,0.962365591397849,0.975806451612903,0.0218655913978495,0.0161290322580645,0.0268817204301075,372
Adi001,Adi002,Ama006,Aza135,0.981610215053763,0.978494623655914,0.983870967741935,0.00724462365591398,0.00537634408602151,0.00806451612903226,0.0111451612903226,0.010752688172043,0.0134408602150538,372
Adi001,Aza135,Aru127,Aga002,0.245577956989247,0.217741935483871,0.276881720430108,0.394072580645161,0.362903225806452,0.42741935483871,0.360349462365591,0.327956989247312,0.39247311827957,372
Adi001,Aza135,Adi003,Aga001,0.0201478494623656,0.0188172043010753,0.0241935483870968,0.960661290322581,0.954301075268817,0.96505376344086,0.0191908602150538,0.0134408602150538,0.0241935483870968,372
Adi001,Adi002,Aru127,Aga001,0.97885752688172,0.973118279569892,0.983870967741935,0.00577956989247312,0.00537634408602151,0.00806451612903226,0.0153629032258065,0.010752688172043,0.021505376344086,372
Adi001,Adi002,Adi003,Aga001,0.295435483870968,0.266129032258065,0.327956989247312,0.27205376344086,0.244623655913978,0.301075268817204,0.432510752688172,0.400537634408602,0.46505376344086,372
Adi001,Adi002,Ama006,Aga001,0.968491935483871,0.962365591397849,0.973118279569892,0.00777150537634409,0.00537634408602151,0.010752688172043,0.023739247311828,0.0188172043010753,0.0295698924731183,372
Ama006,Aza135,Adi003,Aga001,0.859413978494624,0.838709677419355,0.879032258064516,0.084491935483871,0.0672043010752688,0.102150537634409,0.0560940860215054,0.043010752688172,0.0698924731182796,372
Adi002,Ama006,Aru127,Adi003,0.00645967741935484,0.00268817204301075,0.010752688172043,0.0135698924731183,0.010752688172043,0.0161290322580645,0.979970430107527,0.975806451612903,0.983870967741935,372
Adi001,Aza135,Aru127,Aga001,0.248010752688172,0.220430107526882,0.279569892473118,0.388239247311828,0.35752688172043,0.422043010752688,0.36375,0.333333333333333,0.395161290322581,372
Adi001,Ama006,Aga001,Aga002,0.909965053763441,0.900537634408602,0.919354838709677,0.0513010752688172,0.0456989247311828,0.0591397849462366,0.0387311827956989,0.032258064516129,0.0456989247311828,372
Ama018,Ama006,Adi003,Aga001,0.932508064516129,0.919354838709677,0.943548387096774,0.0291559139784946,0.021505376344086,0.0376344086021505,0.0383360215053763,0.0295698924731183,0.0483870967741935,372
Adi001,Adi003,Aga001,Aga002,0.97191935483871,0.967741935483871,0.975806451612903,0.0143897849462366,0.010752688172043,0.0161290322580645,0.0136908602150538,0.0134408602150538,0.0161290322580645,372
Adi001,Adi002,Adi003,Aga002,0.291685483870968,0.260752688172043,0.32258064516129,0.271790322580645,0.244623655913978,0.301075268817204,0.436524193548387,0.403225806451613,0.470430107526882,372
Adi001,Ama006,Aza135,Aga001,0.0764435483870968,0.0618279569892473,0.0940860215053763,0.0651881720430108,0.0537634408602151,0.0806451612903226,0.858368279569892,0.838709677419355,0.876344086021505,372
Adi001,Aru127,Adi003,Aga001,0.0173360215053763,0.0161290322580645,0.021505376344086,0.966045698924731,0.959677419354839,0.973118279569892,0.0166182795698925,0.010752688172043,0.021505376344086,372
Aza135,Aru127,Adi003,Aga001,0.364045698924731,0.333333333333333,0.397849462365591,0.242846774193548,0.21505376344086,0.274193548387097,0.39310752688172,0.360215053763441,0.42741935483871,372
Aza135,Aru127,Adi003,Aga002,0.366822580645161,0.336021505376344,0.400537634408602,0.234709677419355,0.206989247311828,0.266129032258065,0.398467741935484,0.365591397849462,0.432795698924731,372
